City_ID,City,Country,Date,Lat,Lng,Max Temp,Humidity,Cloudiness,Wind Speed
0,Cockburn Town,TC,2020-06-21 19:50:02,21.46,-71.14,86.0,70,40,13.87
1,Parkhill,CA,2020-06-21 19:50:02,43.15,-81.68,87.01,78,43,1.99
2,Sergeyevka,KZ,2020-06-21 19:50:02,53.88,67.42,53.24,86,100,3.67
3,Thompson,CA,2020-06-21 19:50:03,55.74,-97.86,55.4,93,90,10.29
4,Pitimbu,BR,2020-06-21 19:50:03,-7.47,-34.81,77.0,83,40,13.87
5,Yellowknife,CA,2020-06-21 19:50:03,62.46,-114.35,77.0,43,20,23.04
6,Dingle,PH,2020-06-21 19:50:04,11.0,122.67,77.81,85,97,3.4
7,Mataura,NZ,2020-06-21 19:50:04,-46.19,168.86,31.98,95,0,1.63
8,Bredasdorp,ZA,2020-06-21 19:50:04,-34.53,20.04,55.4,100,81,3.04
9,Ribeira Grande,PT,2020-06-21 19:50:04,38.52,-28.7,68.0,88,40,11.41
10,Busselton,AU,2020-06-21 19:50:04,-33.65,115.33,57.99,48,0,19.77
11,Abu Samrah,SY,2020-06-21 19:50:05,35.3,37.18,75.06,39,0,6.11
12,Kruisfontein,ZA,2020-06-21 19:50:05,-34.0,24.73,53.78,88,0,5.77
13,Bryan,US,2020-06-21 19:50:05,30.67,-96.37,95.0,53,40,9.17
14,Lagoa,PT,2020-06-21 19:50:05,39.05,-27.98,66.13,85,0,18.39
15,Haines Junction,CA,2020-06-21 19:50:05,60.75,-137.51,54.3,42,100,9.26
16,Hobart,AU,2020-06-21 19:45:51,-42.88,147.33,55.4,87,90,9.17
17,Qaanaaq,GL,2020-06-21 19:50:06,77.48,-69.36,38.98,74,8,3.78
18,Atuona,PF,2020-06-21 19:49:32,-9.8,-139.03,80.29,61,0,8.5
19,Aitape,PG,2020-06-21 19:50:06,-3.14,142.35,78.3,83,31,4.16
20,Hilo,US,2020-06-21 19:47:14,19.73,-155.09,78.8,74,90,8.05
21,Maniitsoq,GL,2020-06-21 19:50:06,65.42,-52.9,48.67,60,0,9.75
22,Rikitea,PF,2020-06-21 19:49:14,-23.12,-134.97,70.99,69,92,16.73
23,Brainerd,US,2020-06-21 19:48:54,46.36,-94.2,78.8,47,20,10.29
24,Dhaulpur,IN,2020-06-21 19:50:07,26.7,77.9,92.77,40,1,5.75
25,Syracuse,IT,2020-06-21 19:50:08,37.09,15.28,72.0,73,0,4.7
26,Souillac,MU,2020-06-21 19:48:48,-20.52,57.52,71.6,78,40,12.75
27,Albany,US,2020-06-21 19:48:01,42.6,-73.97,93.0,39,59,5.01
28,Bull Savanna,JM,2020-06-21 19:50:08,17.89,-77.59,86.29,61,9,19.06
29,Liepaja,LV,2020-06-21 19:50:08,56.54,21.04,69.8,77,0,3.36
30,Kavieng,PG,2020-06-21 19:50:09,-2.57,150.8,82.67,72,38,3.98
31,Chokurdakh,RU,2020-06-21 19:50:09,70.63,147.92,76.71,35,1,10.07
32,Punta Arenas,CL,2020-06-21 19:49:09,-53.15,-70.92,39.2,86,75,8.05
33,Poum,NC,2020-06-21 19:50:10,-20.23,164.02,71.87,73,71,12.82
34,Buin,CL,2020-06-21 19:50:10,-33.73,-70.75,57.2,62,90,3.0
35,Kyzyl-Suu,KG,2020-06-21 19:50:10,42.34,78.0,57.36,35,0,5.86
36,Kommunarka,RU,2020-06-21 19:50:10,55.57,37.49,62.01,76,0,4.47
37,Hermanus,ZA,2020-06-21 19:49:17,-34.42,19.23,55.0,93,74,4.21
38,Ikalamavony,MG,2020-06-21 19:50:10,-21.15,46.58,60.51,88,19,4.27
39,Sitka,US,2020-06-21 19:48:58,57.05,-135.33,53.6,71,90,4.7
40,Haukipudas,FI,2020-06-21 19:50:11,65.18,25.35,68.0,49,7,3.36
41,Shache,CN,2020-06-21 19:50:11,38.42,77.24,72.9,18,0,6.38
42,Tabou,CI,2020-06-21 19:50:11,4.42,-7.35,76.78,86,100,11.88
43,Longyearbyen,SJ,2020-06-21 19:50:11,78.22,15.64,42.8,70,40,2.24
44,Luderitz,NA,2020-06-21 19:49:52,-26.65,15.16,55.4,87,0,8.05
45,Torbay,CA,2020-06-21 19:50:12,47.67,-52.73,55.99,54,75,12.75
46,Vila Franca Do Campo,PT,2020-06-21 19:50:12,37.72,-25.43,68.0,88,40,9.17
47,Bluff,NZ,2020-06-21 19:49:16,-46.6,168.33,38.71,81,0,4.61
48,Pevek,RU,2020-06-21 19:50:13,69.7,170.31,44.33,74,5,4.05
49,Bubaque,GW,2020-06-21 19:50:13,11.28,-15.83,81.88,86,10,16.42
50,Cape Town,ZA,2020-06-21 19:50:13,-33.93,18.42,60.01,93,75,5.82
51,Terrasini,IT,2020-06-21 19:50:13,38.15,13.08,73.0,88,40,10.29
52,Birin,NP,2020-06-21 19:50:14,26.89,88.07,63.41,100,65,4.52
53,Jamestown,US,2020-06-21 19:48:27,42.1,-79.24,84.2,45,1,3.36
54,Vysokogornyy,RU,2020-06-21 19:50:14,50.12,139.15,40.96,94,100,5.93
55,Matagami,CA,2020-06-21 19:50:14,49.75,-77.63,73.4,78,90,4.7
56,Traverse City,US,2020-06-21 19:49:34,44.76,-85.62,75.2,64,75,8.05
57,New Norfolk,AU,2020-06-21 19:47:42,-42.78,147.06,55.0,93,100,1.01
58,Ushuaia,AR,2020-06-21 19:50:15,-54.8,-68.3,39.2,88,40,4.7
59,Geraldton,AU,2020-06-21 19:50:15,-28.77,114.6,62.6,42,0,20.8
60,Zambezi,ZM,2020-06-21 19:50:15,-13.54,23.1,56.53,46,0,3.51
61,Ausa,ES,2020-06-21 19:50:16,41.93,2.25,72.0,78,0,2.89
62,Okhotsk,RU,2020-06-21 19:50:16,59.38,143.3,48.79,81,100,4.12
63,Jalu,LY,2020-06-21 19:50:16,29.03,21.55,78.89,42,0,16.93
64,Bambous Virieux,MU,2020-06-21 19:50:16,-20.34,57.76,72.0,78,40,12.75
65,Imeni Poliny Osipenko,RU,2020-06-21 19:50:16,52.42,136.49,44.28,88,100,13.73
66,Muros,ES,2020-06-21 19:50:17,42.78,-9.06,66.0,90,31,1.01
67,Saskylakh,RU,2020-06-21 19:50:17,71.92,114.08,53.35,63,73,8.75
68,Ninotsminda,GE,2020-06-21 19:50:17,41.26,43.59,59.0,62,69,4.7
69,Cherskiy,RU,2020-06-21 19:49:48,68.75,161.3,80.15,29,32,13.4
70,Magaria,NE,2020-06-21 19:50:17,13.0,8.91,95.41,16,0,5.41
71,Rurrenabaque,BO,2020-06-21 19:50:18,-14.44,-67.53,88.84,49,11,6.73
72,East London,ZA,2020-06-21 19:50:18,-33.02,27.91,64.09,66,0,13.22
73,Laguna,US,2020-06-21 19:50:18,38.42,-121.42,90.0,41,74,1.99
74,Marrakesh,MA,2020-06-21 19:50:10,31.63,-8.01,87.8,35,20,13.87
75,Lebu,CL,2020-06-21 19:50:19,-37.62,-73.65,51.58,81,100,9.89
76,Tilichiki,RU,2020-06-21 19:50:19,60.47,166.1,63.3,61,0,4.43
77,Nouadhibou,MR,2020-06-21 19:50:19,20.93,-17.03,73.4,69,0,21.92
78,Isangel,VU,2020-06-21 19:50:19,-19.55,169.27,70.7,78,10,11.39
79,Taltal,CL,2020-06-21 19:50:20,-25.4,-70.48,65.25,59,22,3.42
80,Kinrooi,BE,2020-06-21 19:50:20,51.15,5.74,70.0,60,55,5.82
81,Evensk,RU,2020-06-21 19:50:20,61.95,159.23,60.82,54,79,2.64
82,Temir,KZ,2020-06-21 19:50:20,49.14,57.13,69.55,57,0,12.3
83,Pangai,TO,2020-06-21 19:50:21,-19.8,-174.35,77.0,94,75,5.82
84,Goure,NE,2020-06-21 19:50:21,13.98,10.27,97.0,10,0,4.0
85,Dalnerechensk,RU,2020-06-21 19:50:21,45.93,133.72,57.02,95,98,6.82
86,Chuy,UY,2020-06-21 19:50:21,-33.7,-53.46,60.46,92,62,3.44
87,Murray Bridge,AU,2020-06-21 19:49:06,-35.12,139.27,51.01,95,25,5.01
88,Mar Del Plata,AR,2020-06-21 19:48:50,-38.0,-57.56,57.99,67,20,11.41
89,Moerai,PF,2020-06-21 19:50:22,-22.43,-151.33,69.96,65,100,17.54
90,Butaritari,KI,2020-06-21 19:48:48,3.07,172.79,83.48,79,26,16.37
91,Mairi,BR,2020-06-21 19:50:22,-11.71,-40.15,73.98,74,79,11.01
92,Carahue,CL,2020-06-21 19:50:22,-38.7,-73.17,51.8,81,90,4.7
93,Vila Velha,BR,2020-06-21 19:50:22,-20.33,-40.29,79.0,69,0,11.41
94,Mogadishu,SO,2020-06-21 19:50:23,2.04,45.34,78.75,81,99,20.56
95,Samarai,PG,2020-06-21 19:50:23,-10.62,150.67,79.07,86,14,10.0
96,Aklavik,CA,2020-06-21 19:50:23,68.22,-135.01,46.4,75,75,3.36
97,Khatanga,RU,2020-06-21 19:50:23,71.97,102.5,59.52,62,79,13.31
98,Sao Filipe,CV,2020-06-21 19:50:23,14.9,-24.5,76.84,81,1,14.67
99,Kato Glikovrisi,GR,2020-06-21 19:50:24,36.83,22.78,70.66,58,0,8.08
100,Kodiak,US,2020-06-21 19:50:24,57.79,-152.41,51.8,87,90,12.75
101,Pisco,PE,2020-06-21 19:50:24,-13.7,-76.22,66.0,82,90,4.7
102,College,US,2020-06-21 19:50:24,64.86,-147.8,53.6,87,90,5.82
103,Nikolskoye,RU,2020-06-21 19:47:38,59.7,30.79,62.6,51,0,6.71
104,Barrow,US,2020-06-21 19:48:34,71.29,-156.79,44.6,75,90,16.11
105,Acapulco,MX,2020-06-21 19:47:10,16.86,-99.89,89.6,62,75,5.82
106,Tasiilaq,GL,2020-06-21 19:50:25,65.61,-37.64,46.4,75,100,2.24
107,Codrington,AU,2020-06-21 19:50:25,-38.27,141.97,43.65,96,98,5.97
108,San Patricio,MX,2020-06-21 19:50:26,19.22,-104.7,84.2,74,75,9.17
109,Puerto Ayora,EC,2020-06-21 19:50:26,-0.74,-90.35,77.0,69,40,24.16
110,San Cristobal,VE,2020-06-21 19:50:00,7.77,-72.22,93.2,38,40,19.46
111,Kashi,CN,2020-06-21 19:50:26,39.45,75.98,73.4,12,0,11.18
112,Saint-Joseph,RE,2020-06-21 19:50:26,-21.37,55.62,66.2,82,40,3.36
113,La Paz,BO,2020-06-21 19:47:16,-16.5,-68.15,60.8,8,20,8.05
114,Batamshinskiy,KZ,2020-06-21 19:50:27,50.56,58.27,64.4,68,9,8.95
115,Airai,TL,2020-06-21 19:48:31,-8.93,125.41,55.78,100,80,3.67
116,Joensuu,FI,2020-06-21 19:50:27,62.6,29.76,60.01,62,0,1.12
117,Vao,NC,2020-06-21 19:50:27,-22.67,167.48,69.26,59,30,7.76
118,Faanui,PF,2020-06-21 19:50:27,-16.48,-151.75,78.28,81,97,21.81
119,Tuktoyaktuk,CA,2020-06-21 19:50:28,69.45,-133.04,41.0,86,90,4.7
120,Santa Quiteria Do Maranhao,BR,2020-06-21 19:50:28,-3.52,-42.55,82.62,71,0,1.72
121,Kokuy,RU,2020-06-21 19:50:28,52.2,117.55,49.28,84,0,3.58
122,Wadi Maliz,TN,2020-06-21 19:50:28,36.47,8.55,77.0,47,40,11.41
123,Craig,US,2020-06-21 19:50:28,40.52,-107.55,78.8,21,40,11.41
124,Bethel,US,2020-06-21 19:46:51,41.37,-73.41,89.01,48,1,5.82
125,Huarmey,PE,2020-06-21 19:50:29,-10.07,-78.15,68.92,67,21,10.04
126,Carnarvon,AU,2020-06-21 19:50:29,-24.87,113.63,59.0,82,0,5.82
127,Turka,UA,2020-06-21 19:50:29,49.15,23.03,64.0,84,100,4.41
128,Benguela,AO,2020-06-21 19:50:06,-12.58,13.41,69.46,76,0,3.71
129,Savigny-Le-Temple,FR,2020-06-21 19:50:30,48.57,2.58,63.0,93,39,6.93
130,Erdaojiang,CN,2020-06-21 19:50:30,41.78,126.03,60.39,85,100,2.57
131,Domoni,KM,2020-06-21 19:50:30,-12.26,44.53,75.99,85,92,10.13
132,Nanortalik,GL,2020-06-21 19:50:30,60.14,-45.24,45.45,69,100,12.21
133,Coihaique,CL,2020-06-21 19:50:31,-45.58,-72.07,48.2,66,75,4.7
134,Provideniya,RU,2020-06-21 19:48:43,64.38,-173.3,57.2,58,0,4.47
135,Jiaozuo,CN,2020-06-21 19:50:31,35.24,113.23,75.79,67,100,3.98
136,Ubon Ratchathani,TH,2020-06-21 19:50:31,15.22,104.85,80.6,100,1,5.95
137,Ayorou,NE,2020-06-21 19:50:31,14.73,0.92,103.59,15,80,9.06
138,Port Elizabeth,ZA,2020-06-21 19:50:31,-33.92,25.57,60.8,82,0,13.87
139,Esperance,AU,2020-06-21 19:50:32,-33.87,121.9,41.0,86,0,11.41
140,Derzhavinsk,KZ,2020-06-21 19:50:32,51.1,66.32,66.7,28,0,9.6
141,Salvador,SV,2020-06-21 19:49:48,13.83,-88.92,89.6,66,40,8.05
142,Narsaq,GL,2020-06-21 19:50:32,60.92,-46.05,60.8,41,100,9.17
143,Vaini,TO,2020-06-21 19:50:21,-21.2,-175.2,75.2,100,75,4.7
144,Staraya Russa,RU,2020-06-21 19:50:33,57.99,31.36,56.66,75,20,6.42
145,Tiksi,RU,2020-06-21 19:49:40,71.69,128.87,44.58,77,4,12.88
146,Kapaa,US,2020-06-21 19:49:59,22.08,-159.32,82.4,65,20,12.75
147,Marzuq,YE,2020-06-21 19:50:33,14.4,46.47,87.12,31,67,2.8
148,Aloleng,PH,2020-06-21 19:50:34,16.13,119.78,81.63,79,29,3.18
149,Sainte-Suzanne,RE,2020-06-21 19:50:34,-20.91,55.61,69.8,77,20,12.75
150,Dikson,RU,2020-06-21 19:50:34,73.51,80.55,42.39,75,26,9.53
151,Luanda,AO,2020-06-21 19:50:34,-8.84,13.23,73.4,88,40,8.05
152,Saint-Philippe,RE,2020-06-21 19:50:35,-21.36,55.77,66.2,82,40,3.36
153,Manaus,BR,2020-06-21 19:50:35,-3.1,-60.02,89.6,62,40,4.7
154,Arraial Do Cabo,BR,2020-06-21 19:50:35,-22.97,-42.03,80.6,69,0,9.17
155,Bonthe,SL,2020-06-21 19:50:35,7.53,-12.51,79.93,84,100,7.05
156,Port Blair,IN,2020-06-21 19:50:36,11.67,92.75,82.83,82,34,11.32
157,Saint George,US,2020-06-21 19:49:08,37.1,-113.58,100.0,12,1,5.82
158,Lamar,US,2020-06-21 19:50:36,33.67,-95.58,79.0,94,40,13.87
159,Namibe,AO,2020-06-21 19:48:13,-15.2,12.15,70.39,58,0,9.4
160,Locri,IT,2020-06-21 19:50:36,38.24,16.26,73.0,78,0,7.0
161,Nelson Bay,AU,2020-06-21 19:50:37,-32.72,152.15,48.2,81,58,11.41
162,Bagdarin,RU,2020-06-21 19:50:37,54.43,113.6,46.85,88,67,2.68
163,Alice Springs,AU,2020-06-21 19:45:37,-23.7,133.88,35.6,64,0,5.82
164,Grindavik,IS,2020-06-21 19:50:06,63.84,-22.43,59.0,67,99,21.92
165,Kaitangata,NZ,2020-06-21 19:50:38,-46.28,169.85,34.11,88,1,3.83
166,The Valley,AI,2020-06-21 19:50:38,18.22,-63.06,89.6,74,40,13.87
167,Burns Lake,CA,2020-06-21 19:46:05,54.23,-125.75,63.34,32,21,8.39
168,Ust-Maya,RU,2020-06-21 19:50:38,60.42,134.53,52.77,65,93,5.46
169,Sabang,ID,2020-06-21 19:50:39,5.89,95.32,79.27,88,100,20.13
170,Waspan,NI,2020-06-21 19:50:39,14.74,-83.97,89.6,70,40,5.82
171,Hithadhoo,MV,2020-06-21 19:50:38,-0.6,73.08,83.73,68,10,4.65
172,Lorengau,PG,2020-06-21 19:49:08,-2.02,147.27,80.33,77,12,2.66
173,Mahajanga,MG,2020-06-21 19:50:40,-15.72,46.32,80.6,54,20,4.7
174,Sardarshahr,IN,2020-06-21 19:50:40,28.43,74.48,99.09,21,1,6.04
175,Bodaybo,RU,2020-06-21 19:50:40,57.85,114.19,54.32,73,0,2.21
176,Udachnyy,RU,2020-06-21 19:50:40,66.42,112.4,62.6,55,40,1.5
177,Shaunavon,CA,2020-06-21 19:50:40,49.65,-108.42,67.51,49,100,6.13
178,Urusha,RU,2020-06-21 19:50:41,54.05,122.9,48.99,97,100,1.74
179,Pangody,RU,2020-06-21 19:50:41,65.85,74.49,45.05,84,14,11.36
180,Kahramanmaras,TR,2020-06-21 19:50:41,38.0,37.0,75.2,60,20,17.22
181,Constitucion,CL,2020-06-21 19:50:13,-35.33,-72.42,55.2,76,46,5.97
182,Broome,US,2020-06-21 19:50:41,42.25,-75.83,86.0,57,20,6.93
183,Baie-Comeau,CA,2020-06-21 19:50:42,49.22,-68.15,59.0,77,1,19.46
184,Tommot,RU,2020-06-21 19:50:42,58.96,126.29,53.11,75,95,2.37
185,Pacific Grove,US,2020-06-21 19:47:59,36.62,-121.92,75.99,68,20,5.82
186,Kirkwall,GB,2020-06-21 19:50:42,58.98,-2.96,57.2,87,100,4.7
187,Rio Grande,BR,2020-06-21 19:47:03,-32.03,-52.1,75.2,83,75,11.25
188,Praia Da Vitoria,PT,2020-06-21 19:50:43,38.73,-27.07,73.4,69,40,10.78
189,Hobyo,SO,2020-06-21 19:50:43,5.35,48.53,79.95,72,77,27.98
190,Abu Dhabi,AE,2020-06-21 19:49:34,24.47,54.37,89.6,66,0,4.7
191,Kudahuvadhoo,MV,2020-06-21 19:50:43,2.67,72.89,83.73,75,51,11.21
192,Muisne,EC,2020-06-21 19:50:43,0.6,-80.03,84.2,83,40,11.41
193,Sovetskaya Gavan,RU,2020-06-21 19:50:43,48.97,140.29,47.41,94,100,7.85
194,Fairbanks,US,2020-06-21 19:46:57,64.84,-147.72,53.6,93,90,12.75
195,Skala,PL,2020-06-21 19:50:44,50.23,19.85,66.0,88,20,12.75
196,Tal,PK,2020-06-21 19:50:44,35.48,72.24,60.31,48,0,4.14
197,Yuancheng,CN,2020-06-21 19:50:45,36.65,107.79,66.79,57,99,0.6
198,Banda Aceh,ID,2020-06-21 19:50:45,5.56,95.32,76.64,91,100,11.88
199,Roma,US,2020-06-21 19:49:22,43.21,-75.46,89.6,38,20,10.29
200,Victoria,HK,2020-06-21 19:49:15,22.29,114.16,86.0,74,99,10.0
201,Garcia Hernandez,PH,2020-06-21 19:50:45,9.61,124.29,80.62,84,8,9.57
202,Nassau,US,2020-06-21 19:50:46,40.75,-73.58,87.01,58,1,9.17
203,Ixtapa,MX,2020-06-21 19:50:46,20.7,-105.2,87.01,62,20,13.87
204,Ekhabi,RU,2020-06-21 19:50:46,53.51,142.97,40.75,93,100,9.08
205,Cabo San Lucas,MX,2020-06-21 19:49:45,22.89,-109.91,88.0,45,5,11.41
206,Surt,LY,2020-06-21 19:50:46,31.21,16.59,71.67,78,0,12.5
207,Perth,AU,2020-06-21 19:50:22,-31.93,115.83,64.99,34,43,12.75
208,Mount Pleasant,US,2020-06-21 19:50:47,32.79,-79.86,89.01,74,1,10.29
209,Mackay,AU,2020-06-21 19:50:47,-21.15,149.2,60.8,93,0,5.82
210,Hirara,JP,2020-06-21 19:50:47,24.8,125.28,83.53,84,100,15.17
211,Lavrentiya,RU,2020-06-21 19:50:47,65.58,-171.0,55.0,45,3,6.11
212,Georgetown,MY,2020-06-21 19:50:48,5.41,100.34,80.6,94,20,4.7
213,Katsuura,JP,2020-06-21 19:50:48,35.13,140.3,70.0,94,75,13.87
214,Kahului,US,2020-06-21 19:50:48,20.89,-156.47,84.2,51,20,9.17
215,Chupa,RU,2020-06-21 19:50:49,66.27,33.05,57.24,61,66,7.43
216,Alexandria,EG,2020-06-21 19:46:02,31.22,29.96,75.31,75,0,15.5
217,Gorom-Gorom,BF,2020-06-21 19:50:49,14.44,-0.24,101.93,16,67,4.03
218,Saquarema,BR,2020-06-21 19:46:31,-22.92,-42.51,80.6,74,0,11.41
219,Kizukuri,JP,2020-06-21 19:50:50,40.81,140.39,59.0,93,5,1.99
220,Itapirapua,BR,2020-06-21 19:50:50,-15.82,-50.61,85.8,40,0,2.46
221,Nalut,LY,2020-06-21 19:50:50,30.33,10.85,79.52,22,0,15.99
222,Pochutla,MX,2020-06-21 19:50:50,15.74,-96.47,91.4,52,75,7.49
223,Portland,US,2020-06-21 19:50:35,45.52,-122.68,72.0,56,75,3.36
224,Leh,IN,2020-06-21 19:50:51,34.17,77.58,53.74,39,0,5.61
225,Blackpool,GB,2020-06-21 19:50:51,53.82,-3.05,60.01,82,20,21.92
226,Bara,NG,2020-06-21 19:50:51,10.37,10.73,81.77,68,27,11.05
227,Moindou,NC,2020-06-21 19:50:52,-21.69,165.68,57.2,87,3,4.14
228,Kathu,TH,2020-06-21 19:50:52,7.92,98.33,77.0,94,40,6.93
229,Vila,PT,2020-06-21 19:50:52,42.03,-8.16,68.0,82,20,4.7
230,La Tuque,CA,2020-06-21 19:49:26,47.43,-72.78,84.88,47,13,10.56
231,Severo-Kurilsk,RU,2020-06-21 19:50:52,50.68,156.12,45.61,82,80,7.34
232,Sambava,MG,2020-06-21 19:50:52,-14.27,50.17,73.18,89,89,14.03
233,Avarua,CK,2020-06-21 19:49:18,-21.21,-159.78,73.4,64,100,10.29
234,Miyako,JP,2020-06-21 19:50:53,39.64,141.95,61.63,87,100,5.23
235,Lompoc,US,2020-06-21 19:47:27,34.64,-120.46,69.8,60,10,12.75
236,Guadalajara,MX,2020-06-21 19:50:53,20.67,-103.33,91.0,45,75,2.42
237,Storslett,NO,2020-06-21 19:50:53,69.77,21.02,58.08,47,82,4.09
238,Sao Joao Da Barra,BR,2020-06-21 19:50:53,-21.64,-41.05,80.6,61,0,16.11
239,Ponta Delgada,PT,2020-06-21 19:50:54,37.73,-25.67,68.0,88,40,9.17
240,San Luis,AR,2020-06-21 19:50:23,-33.3,-66.34,56.71,34,81,16.53
241,Changji,CN,2020-06-21 19:46:06,44.02,87.32,60.8,51,0,4.47
242,Morros,BR,2020-06-21 19:50:54,-9.45,-46.3,82.4,36,30,5.1
243,Upernavik,GL,2020-06-21 19:50:54,72.79,-56.15,41.38,74,100,3.29
244,Mahon,ES,2020-06-21 19:50:55,39.89,4.27,71.6,68,42,3.36
245,Douglas,US,2020-06-21 19:50:00,41.3,-96.17,84.99,66,75,13.87
246,San Andres,CO,2020-06-21 19:50:55,12.58,-81.7,86.0,79,90,14.99
247,Hasaki,JP,2020-06-21 19:50:55,35.73,140.83,66.2,100,75,9.17
248,Raudeberg,NO,2020-06-21 19:50:55,61.99,5.14,59.0,94,100,10.45
249,Sakakah,SA,2020-06-21 19:50:35,29.97,40.21,86.0,19,0,6.93
250,Yeppoon,AU,2020-06-21 19:50:56,-23.13,150.73,55.4,100,90,4.7
251,Eppingen,DE,2020-06-21 19:50:56,49.14,8.91,72.0,59,5,6.44
252,Kasongo-Lunda,CD,2020-06-21 19:50:56,-6.47,16.82,70.83,30,0,2.37
253,Ilulissat,GL,2020-06-21 19:49:20,69.22,-51.1,44.6,65,40,4.7
254,Khasan,RU,2020-06-21 19:50:56,42.43,130.64,61.65,96,100,5.93
255,Nador,MA,2020-06-21 19:50:57,35.17,-2.93,78.8,57,0,4.7
256,Saldanha,ZA,2020-06-21 19:50:57,-33.01,17.94,55.4,93,0,3.36
257,Port Alfred,ZA,2020-06-21 19:50:57,-33.59,26.89,62.01,86,0,4.0
258,Tual,ID,2020-06-21 19:50:57,-5.67,132.75,79.72,81,25,22.03
259,Lock Haven,US,2020-06-21 19:50:57,41.14,-77.45,84.2,48,40,9.17
260,Clyde River,CA,2020-06-21 19:49:21,70.47,-68.59,44.6,87,1,4.7
261,Trelleborg,SE,2020-06-21 19:50:58,55.38,13.16,62.01,100,40,9.17
262,Castro,BR,2020-06-21 19:50:58,-24.79,-50.01,66.43,68,0,5.86
263,Kirakira,SB,2020-06-21 19:50:58,-10.45,161.92,79.34,83,86,6.98
264,Aksarka,RU,2020-06-21 19:50:59,66.56,67.8,43.21,86,99,4.61
265,Vostok,RU,2020-06-21 19:50:59,46.49,135.88,46.2,100,100,3.76
266,Finschhafen,PG,2020-06-21 19:50:59,-6.6,147.87,79.2,76,0,8.84
267,Gamba,GA,2020-06-21 19:50:59,-2.65,10.0,72.3,92,0,5.48
268,Chernenko,RU,2020-06-21 19:50:59,44.37,39.31,61.05,95,100,3.94
269,Marsa Matruh,EG,2020-06-21 19:50:52,31.35,27.25,73.35,75,0,14.72
270,Am Timan,TD,2020-06-21 19:51:00,11.03,20.28,81.5,64,57,7.9
271,Cidreira,BR,2020-06-21 19:51:00,-30.18,-50.21,74.25,65,7,8.46
272,Bathsheba,BB,2020-06-21 19:51:00,13.22,-59.52,86.0,74,40,21.92
273,Cairns,AU,2020-06-21 19:49:13,-16.92,145.77,66.2,82,10,4.7
274,Hofn,IS,2020-06-21 19:51:00,64.25,-15.21,51.3,84,100,16.73
275,Hovd,MN,2020-06-21 19:48:59,48.01,91.64,44.26,56,62,11.36
276,Opuwo,NA,2020-06-21 19:51:01,-18.06,13.84,56.86,37,0,8.32
277,Ponta Do Sol,PT,2020-06-21 19:51:01,32.67,-17.1,71.6,68,20,13.87
278,La Macarena,CO,2020-06-21 19:51:01,2.18,-73.78,86.05,60,12,1.77
279,Pemangkat,ID,2020-06-21 19:50:56,1.17,108.97,77.9,84,98,2.66
280,La Reforma,MX,2020-06-21 19:51:02,25.08,-108.05,98.01,32,0,5.99
281,Yulara,AU,2020-06-21 19:51:02,-25.24,130.99,35.6,69,0,8.05
282,Atasu,KZ,2020-06-21 19:51:02,48.68,71.64,61.57,32,53,6.62
283,Taoudenni,ML,2020-06-21 19:50:49,22.68,-3.98,106.74,7,34,12.03
284,Balkanabat,TM,2020-06-21 19:51:02,39.51,54.37,75.27,66,0,6.44
285,Tuatapere,NZ,2020-06-21 19:51:03,-46.13,167.68,37.72,79,0,2.77
286,Merauke,ID,2020-06-21 19:50:11,-8.47,140.33,76.48,87,60,12.35
287,Morrope,PE,2020-06-21 19:51:03,-6.54,-80.01,71.6,64,8,16.11
288,North Bend,US,2020-06-21 19:51:03,43.41,-124.22,66.99,77,90,14.99
289,Mikumi,TZ,2020-06-21 19:51:03,-7.4,36.98,64.8,69,0,2.71
290,Guerrero,MX,2020-06-21 19:51:03,17.67,-100.0,79.54,67,100,1.07
291,Deputatskiy,RU,2020-06-21 19:51:04,69.3,139.9,76.75,29,0,1.7
292,Fortuna,US,2020-06-21 19:51:04,40.6,-124.16,62.01,93,75,12.75
293,Dryden,CA,2020-06-21 19:51:04,49.78,-92.75,66.2,59,75,16.11
294,La Ronge,CA,2020-06-21 19:51:04,55.1,-105.28,60.8,59,20,5.82
295,Cortes,ES,2020-06-21 19:51:04,41.94,-1.44,78.8,36,0,17.22
296,Henties Bay,NA,2020-06-21 19:51:05,-22.12,14.28,60.01,83,21,3.0
297,Quatre Cocos,MU,2020-06-21 19:51:05,-20.21,57.76,72.0,78,40,12.75
298,Garowe,SO,2020-06-21 19:51:05,8.41,48.48,87.39,41,100,19.24
299,Auki,SB,2020-06-21 19:51:05,-8.77,160.7,78.62,82,100,3.11
300,Hamilton,US,2020-06-21 19:51:05,39.18,-84.53,75.0,78,90,16.11
301,Port Lincoln,AU,2020-06-21 19:51:06,-34.73,135.87,54.75,80,21,13.94
302,Durban,ZA,2020-06-21 19:51:06,-29.86,31.03,69.01,71,3,4.0
303,Bandar-E Lengeh,IR,2020-06-21 19:51:06,26.56,54.88,86.83,71,0,6.55
304,Ilesha,NG,2020-06-21 19:51:06,7.14,5.26,73.22,98,100,3.06
305,Rohnert Park,US,2020-06-21 19:51:06,38.34,-122.7,89.01,47,1,10.29
306,Port Hedland,AU,2020-06-21 19:51:07,-20.32,118.57,59.0,44,0,8.05
307,Kushmurun,KZ,2020-06-21 19:51:07,52.45,64.63,58.89,90,100,14.18
308,Mindelo,CV,2020-06-21 19:51:07,16.89,-24.98,80.6,65,20,29.97
309,Harnosand,SE,2020-06-21 19:51:07,62.63,17.94,66.2,77,0,5.82
310,Leningradskiy,RU,2020-06-21 19:51:07,69.38,178.42,48.38,66,0,1.81
311,Manokwari,ID,2020-06-21 19:51:08,-0.87,134.08,79.79,73,0,4.79
312,Verkhnetulomskiy,RU,2020-06-21 19:51:08,68.61,31.8,57.2,44,99,8.95
313,Shingu,JP,2020-06-21 19:51:08,33.73,135.98,66.13,93,100,18.32
314,Andenes,NO,2020-06-21 19:51:08,69.31,16.12,53.6,71,0,4.7
315,Oranjemund,NA,2020-06-21 19:49:09,-28.55,16.43,57.36,79,0,7.16
316,Tevaitoa,PF,2020-06-21 19:51:09,-16.78,-151.5,78.55,79,64,22.32
317,Husavik,IS,2020-06-21 19:50:03,66.04,-17.34,60.8,59,40,24.16
318,Margate,GB,2020-06-21 19:51:09,51.38,1.39,66.0,68,21,4.0
319,Atambua,ID,2020-06-21 19:50:49,-9.11,124.89,70.0,88,70,5.28
320,Shimoda,JP,2020-06-21 19:51:10,34.67,138.95,64.0,95,100,5.01
321,Asau,RO,2020-06-21 19:51:10,46.43,26.4,61.0,95,96,2.68
322,Richards Bay,ZA,2020-06-21 19:51:10,-28.78,32.04,62.29,64,0,6.46
323,Mehamn,NO,2020-06-21 19:51:10,71.04,27.85,48.2,70,20,5.82
324,Diamantino,BR,2020-06-21 19:51:10,-14.41,-56.45,89.31,35,0,5.44
325,Kinablangan,PH,2020-06-21 19:51:11,7.69,126.55,78.58,77,44,3.89
326,Bialogard,PL,2020-06-21 19:51:11,54.01,15.99,62.01,10,100,6.93
327,Belyy Yar,RU,2020-06-21 19:51:11,53.6,91.39,53.6,71,75,2.24
328,Ronda,ES,2020-06-21 19:51:11,36.74,-5.17,91.0,46,0,1.88
329,Saint Thomas Mount,IN,2020-06-21 19:51:11,13.0,80.2,82.4,83,75,3.36
330,Itoman,JP,2020-06-21 19:51:12,26.12,127.67,82.4,94,75,13.87
331,Touros,BR,2020-06-21 19:51:12,-5.2,-35.46,80.6,74,40,9.17
332,Mattru,SL,2020-06-21 19:51:12,7.62,-11.83,76.01,96,100,3.8
333,Daru,PG,2020-06-21 19:51:12,-9.08,143.21,76.75,89,2,10.49
334,Padang,ID,2020-06-21 19:49:13,-0.95,100.35,77.34,82,99,5.73
335,Umm Kaddadah,SD,2020-06-21 19:51:13,13.6,26.69,93.43,11,0,2.93
336,Madhugiri,IN,2020-06-21 19:51:13,13.66,77.21,74.34,70,100,15.43
337,Hami,CN,2020-06-21 19:51:14,42.8,93.45,70.21,23,30,8.52
338,Bima,ID,2020-06-21 19:51:14,-8.47,118.72,71.65,87,16,3.2
339,Verkhnyaya Inta,RU,2020-06-21 19:51:14,65.98,60.31,38.91,79,33,7.0
340,Aykhal,RU,2020-06-21 19:51:14,66.0,111.5,62.6,55,40,1.16
341,Kuloy,RU,2020-06-21 19:51:14,61.03,42.49,43.88,76,0,2.82
342,Charlestown,AU,2020-06-21 19:51:14,-32.95,151.67,52.0,71,92,5.01
343,Upata,VE,2020-06-21 19:51:15,8.01,-62.4,87.01,71,76,5.01
344,Adrar,MR,2020-06-21 19:51:15,20.5,-10.07,104.79,9,23,12.71
345,Urumqi,CN,2020-06-21 19:51:15,43.8,87.6,60.8,51,2,2.24
346,Morehead,US,2020-06-21 19:51:15,37.27,-87.18,75.2,94,90,4.25
347,Boende,CD,2020-06-21 19:51:15,-0.22,20.87,77.59,57,25,1.45
348,Aguimes,ES,2020-06-21 19:51:16,27.91,-15.45,73.99,69,20,25.28
349,Viraganur,IN,2020-06-21 19:51:16,11.48,78.73,80.04,72,100,11.23
350,Matata,NZ,2020-06-21 19:51:16,-37.88,176.75,55.0,78,27,5.01
351,Amuntai,ID,2020-06-21 19:51:16,-2.42,115.25,72.91,98,100,0.74
352,Yar-Sale,RU,2020-06-21 19:49:15,66.83,70.83,43.75,85,92,13.76
353,Tazovskiy,RU,2020-06-21 19:51:17,67.47,78.7,46.36,92,90,16.75
354,Shillong,IN,2020-06-21 19:51:17,25.57,91.88,64.6,100,65,6.6
355,Safaga,EG,2020-06-21 19:51:17,26.73,33.94,89.91,27,0,10.87
356,Honningsvag,NO,2020-06-21 19:51:17,70.98,25.97,48.2,70,20,5.82
357,Shelburne,CA,2020-06-21 19:51:18,44.08,-80.2,89.6,40,20,9.17
358,Gimli,CA,2020-06-21 19:50:53,50.63,-96.99,60.01,86,99,4.0
359,Sukpak,RU,2020-06-21 19:51:18,51.67,94.63,46.53,85,100,3.89
360,Guarapari,BR,2020-06-21 19:51:18,-20.67,-40.5,79.0,68,0,12.39
361,Talnakh,RU,2020-06-21 19:51:18,69.49,88.4,46.4,70,0,6.71
362,Vangaindrano,MG,2020-06-21 19:51:18,-23.35,47.6,66.74,89,82,4.0
363,Ifanadiana,MG,2020-06-21 19:51:19,-21.3,47.63,61.84,95,87,0.58
364,Ketchikan,US,2020-06-21 19:51:19,55.34,-131.65,53.6,66,90,16.11
365,Kimbe,PG,2020-06-21 19:51:19,-5.55,150.14,75.16,87,46,4.14
366,Amarante,BR,2020-06-21 19:51:20,-6.24,-42.85,81.72,57,51,6.38
367,Los Llanos De Aridane,ES,2020-06-21 19:48:25,28.66,-17.92,73.4,73,40,16.11
368,Komsomolets,KZ,2020-06-21 19:51:20,53.75,62.07,48.34,80,0,8.05
369,Arawa,PG,2020-06-21 19:51:20,-6.21,155.54,76.75,80,76,3.47
370,Caravelas,BR,2020-06-21 19:50:05,-17.71,-39.25,72.64,68,0,4.0
371,Chara,RU,2020-06-21 19:51:21,56.91,118.26,51.1,69,0,0.87
372,Otukpo,NG,2020-06-21 19:51:21,7.19,8.13,74.1,94,100,5.3
373,Charters Towers,AU,2020-06-21 19:51:21,-20.1,146.27,56.79,76,0,2.24
374,Saint-Francois,FR,2020-06-21 19:51:21,46.42,3.91,68.0,64,90,5.82
375,Henderson,US,2020-06-21 19:51:22,36.04,-114.98,102.99,7,1,14.99
376,Athmallik,IN,2020-06-21 19:51:22,20.72,84.53,81.41,77,94,4.88
377,High Level,CA,2020-06-21 19:51:22,58.52,-117.14,78.8,44,75,12.75
378,Mujiayingzi,CN,2020-06-21 19:51:22,42.12,118.78,67.86,74,100,2.91
379,Harer,ET,2020-06-21 19:51:23,9.31,42.13,65.64,79,85,3.42
380,Conceicao Do Araguaia,BR,2020-06-21 19:51:23,-8.26,-49.26,89.6,43,3,10.29
381,Vanimo,PG,2020-06-21 19:51:23,-2.67,141.3,77.76,83,27,3.94
382,Ploemeur,FR,2020-06-21 19:51:23,47.73,-3.43,63.0,72,1,9.17
383,Supata,CO,2020-06-21 19:51:24,5.06,-74.24,68.0,42,40,13.87
384,Cuenca,EC,2020-06-21 19:51:24,-2.88,-78.98,60.8,67,100,2.24
385,Kirksville,US,2020-06-21 19:51:24,40.19,-92.58,86.0,54,40,9.17
386,Kaeo,NZ,2020-06-21 19:51:24,-35.1,173.78,57.99,3,29,1.01
387,Barcelos,PT,2020-06-21 19:49:20,41.54,-8.62,70.0,88,20,12.75
388,Tashtagol,RU,2020-06-21 19:51:24,52.77,87.89,46.2,93,100,2.42
389,Paita,PE,2020-06-21 19:51:25,-5.09,-81.11,70.11,71,2,17.56
390,Beloha,MG,2020-06-21 19:51:25,-25.17,45.05,66.96,86,99,2.06
391,Mahebourg,MU,2020-06-21 19:51:25,-20.41,57.7,71.6,78,40,12.75
392,Bojnurd,IR,2020-06-21 19:51:25,37.47,57.33,75.2,38,0,6.93
393,Tura,IN,2020-06-21 19:49:07,25.52,90.22,74.86,97,81,7.45
394,Makat,KZ,2020-06-21 19:51:26,47.65,53.35,84.52,23,27,4.7
395,Alvdal,NO,2020-06-21 19:51:26,62.11,10.63,71.6,40,98,10.29
396,Moengo,SR,2020-06-21 19:51:26,5.62,-54.4,82.08,81,7,5.46
397,Tullow,IE,2020-06-21 19:51:26,52.8,-6.74,61.0,71,75,5.01
398,Caceres,ES,2020-06-21 19:51:26,39.52,-6.37,84.99,31,0,4.0
399,Havelock,US,2020-06-21 19:51:14,34.88,-76.9,84.2,62,75,7.27
400,Haradok,BY,2020-06-21 19:51:27,55.46,29.98,62.02,84,68,6.58
401,Marshall,US,2020-06-21 19:51:27,34.38,-86.33,80.01,88,90,4.7
402,Kanke,IN,2020-06-21 19:51:27,23.43,85.32,76.21,90,100,5.82
403,Kangaba,ML,2020-06-21 19:51:27,11.93,-8.42,90.39,38,1,3.4
404,Beroroha,MG,2020-06-21 19:51:28,-21.67,45.17,64.74,88,2,1.16
405,Chabahar,IR,2020-06-21 19:51:28,25.29,60.64,84.69,85,69,9.35
406,Sur,OM,2020-06-21 19:51:28,22.57,59.53,86.4,68,100,11.9
407,Kismayo,SO,2020-06-21 19:51:28,-0.36,42.55,78.96,78,52,22.79
408,Saint-Pierre,RE,2020-06-21 19:51:29,-21.34,55.48,66.2,82,40,3.36
409,Angoche,MZ,2020-06-21 19:51:29,-16.23,39.91,73.65,77,100,8.32
410,Payo,ID,2020-06-21 19:51:29,-3.75,103.64,73.31,93,98,1.45
411,Tahta,EG,2020-06-21 19:51:29,26.77,31.5,88.95,14,0,5.08
412,Naze,JP,2020-06-21 19:51:30,28.37,129.48,75.2,94,90,3.36
413,Madimba,TZ,2020-06-21 19:51:30,-10.4,40.33,75.2,69,75,23.04
414,Filadelfia,US,2020-06-21 19:49:26,39.95,-75.16,90.0,51,75,7.07
415,Georgiyevka,KZ,2020-06-21 19:51:30,43.04,74.71,64.4,55,0,4.47
416,Norman Wells,CA,2020-06-21 19:47:06,65.28,-126.83,53.6,100,90,10.29
417,Mahibadhoo,MV,2020-06-21 19:51:31,3.78,72.97,83.71,75,100,10.2
418,Ustrzyki Dolne,PL,2020-06-21 19:51:31,49.43,22.59,59.0,95,100,8.99
419,Iqaluit,CA,2020-06-21 19:51:31,63.75,-68.51,41.0,75,75,2.24
420,Petropavlovsk-Kamchatskiy,RU,2020-06-21 19:51:31,53.05,158.65,41.0,100,90,6.71
421,Khandyga,RU,2020-06-21 19:51:32,62.67,135.6,56.8,69,52,1.34
422,Buraydah,SA,2020-06-21 19:51:32,26.33,43.98,89.6,27,0,8.05
423,Clermont,FR,2020-06-21 19:51:32,49.5,2.42,59.0,87,21,4.7
424,Yuli,NG,2020-06-21 19:51:32,9.7,10.27,80.11,75,8,6.29
425,Puerto Rico,AR,2020-06-21 19:51:33,-26.8,-55.02,78.15,56,0,2.33
426,Wisconsin Rapids,US,2020-06-21 19:51:19,44.38,-89.82,81.0,54,20,9.17
427,Havoysund,NO,2020-06-21 19:51:33,71.0,24.66,48.2,70,20,5.82
428,Taiyuan,CN,2020-06-21 19:51:33,37.87,112.56,69.8,68,52,4.47
429,Port Hawkesbury,CA,2020-06-21 19:51:33,45.62,-61.35,55.99,87,90,11.41
430,Vaitape,PF,2020-06-21 19:51:34,-16.52,-151.75,78.93,79,85,22.3
431,Ahipara,NZ,2020-06-21 19:51:34,-35.17,173.17,55.6,83,8,9.82
432,Boguchany,RU,2020-06-21 19:51:34,58.38,97.45,64.54,64,100,2.28
433,Arrifes,PT,2020-06-21 19:51:34,37.77,-25.7,68.0,88,40,9.17
434,Matara,LK,2020-06-21 19:51:35,5.95,80.54,81.25,81,100,15.43
435,Yurino,RU,2020-06-21 19:51:35,56.29,46.3,53.6,58,0,2.24
436,Seoul,KR,2020-06-21 19:51:35,37.57,126.98,69.8,100,0,1.12
437,Bedford,GB,2020-06-21 19:51:35,52.13,-0.47,64.0,62,0,3.0
438,Sabha,LY,2020-06-21 19:51:35,27.04,14.43,87.35,17,0,15.9
439,Dabakala,CI,2020-06-21 19:51:36,8.37,-4.43,77.83,85,93,6.58
440,Ayan,RU,2020-06-21 19:51:36,56.45,138.17,42.49,98,100,8.32
441,Komsomolskiy,UZ,2020-06-21 19:51:36,40.43,71.72,77.0,27,0,6.93
442,Miramar,US,2020-06-21 19:51:36,25.99,-80.23,90.0,79,1,10.29
443,Normandin,CA,2020-06-21 19:51:37,48.83,-72.53,91.4,36,40,14.99
444,Tianpeng,CN,2020-06-21 19:49:11,30.99,103.94,78.01,30,100,1.97
445,Sola,VU,2020-06-21 19:51:37,-13.88,167.55,80.83,84,87,18.07
446,Panguiranan,PH,2020-06-21 19:51:37,12.07,123.32,81.93,84,50,13.18
447,Loum,CM,2020-06-21 19:51:38,4.72,9.74,72.14,95,100,0.69
448,Great Yarmouth,GB,2020-06-21 19:51:38,52.61,1.73,66.99,60,0,9.37
449,Barraute,CA,2020-06-21 19:51:38,48.43,-77.63,89.6,31,75,10.29
450,Saint Anthony,US,2020-06-21 19:48:40,45.02,-93.22,84.99,37,20,12.75
451,Mount Gambier,AU,2020-06-21 19:51:39,-37.83,140.77,48.2,100,75,9.17
452,Parana,AR,2020-06-21 19:51:39,-31.73,-60.52,71.01,46,98,3.0
453,Loviisa,FI,2020-06-21 19:51:39,60.46,26.23,55.99,83,0,4.88
454,Gashua,NG,2020-06-21 19:51:40,12.87,11.05,96.55,22,0,7.9
455,Goma,CD,2020-06-21 19:51:40,-1.68,29.22,64.8,76,92,1.12
456,Caxito,AO,2020-06-21 19:51:40,-8.58,13.66,73.4,88,40,8.05
457,Tomatlan,MX,2020-06-21 19:51:40,19.93,-105.25,93.09,42,65,9.86
458,Sausar,IN,2020-06-21 19:51:40,21.65,78.78,78.8,83,75,4.7
459,Grand Gaube,MU,2020-06-21 19:51:41,-20.01,57.66,72.0,73,50,8.01
460,Waddan,LY,2020-06-21 19:51:41,29.16,16.14,76.39,34,0,18.01
461,Menongue,AO,2020-06-21 19:51:41,-14.66,17.69,53.02,44,0,4.29
462,Darhan,MN,2020-06-21 19:51:41,49.49,105.92,58.14,69,94,5.08
463,Kerema,PG,2020-06-21 19:51:42,-7.96,145.78,76.73,87,38,2.21
464,San Pablo,PH,2020-06-21 19:51:42,14.07,121.33,80.6,83,20,3.36
465,Moron,AR,2020-06-21 19:50:36,-34.65,-58.62,64.99,54,1,3.0
466,Necochea,AR,2020-06-21 19:51:42,-38.55,-58.74,55.0,80,30,10.0
467,Miri,MY,2020-06-21 19:49:59,4.41,114.01,77.0,100,75,3.36
468,Panaba,MX,2020-06-21 19:51:43,21.28,-88.27,90.39,63,10,10.27
469,Klaksvik,FO,2020-06-21 19:50:43,62.23,-6.59,51.8,100,100,10.29
470,Mezen,RU,2020-06-21 19:51:43,65.85,44.24,40.15,79,91,1.88
471,Ancud,CL,2020-06-21 19:51:43,-41.87,-73.82,48.0,100,90,11.41
472,Marsaxlokk,MT,2020-06-21 19:51:43,35.84,14.54,72.0,68,2,21.92
473,Alofi,NU,2020-06-21 19:51:44,-19.06,-169.92,75.2,88,51,9.17
474,Carutapera,BR,2020-06-21 19:51:44,-1.2,-46.02,80.47,85,58,7.36
475,Ust-Kuyga,RU,2020-06-21 19:51:44,70.02,135.6,77.86,40,82,1.9
476,Loksa,EE,2020-06-21 19:51:44,59.58,25.72,60.8,63,0,6.93
477,Bengkulu,ID,2020-06-21 19:51:29,-3.8,102.27,76.32,89,78,4.63
478,Bilibino,RU,2020-06-21 19:51:45,68.05,166.44,75.7,35,0,5.86
479,Ust-Shonosha,RU,2020-06-21 19:51:45,61.15,41.34,44.26,79,0,2.53
480,Vilcun,CL,2020-06-21 19:51:45,-38.65,-72.23,51.8,81,90,4.7
481,Bridge City,US,2020-06-21 19:51:45,30.02,-93.85,89.6,66,1,16.11
482,Nome,US,2020-06-21 19:51:46,64.5,-165.41,64.99,77,75,10.29
483,Gisborne,NZ,2020-06-21 19:46:46,-38.65,178.0,55.99,84,58,1.01
484,Kysyl-Syr,RU,2020-06-21 19:51:46,63.9,122.76,60.12,83,70,6.35
485,Thinadhoo,MV,2020-06-21 19:51:46,0.53,72.93,83.68,75,88,9.4
486,Smithers,CA,2020-06-21 19:50:12,54.78,-127.17,57.2,54,40,3.36
487,Cochrane,CA,2020-06-21 19:50:07,51.18,-114.47,71.6,40,20,14.99
488,Louis Trichardt,ZA,2020-06-21 19:51:47,-23.04,29.9,52.2,42,0,0.96
489,Rawson,AR,2020-06-21 19:51:47,-43.3,-65.1,54.41,42,43,12.01
490,Chimbote,PE,2020-06-21 19:51:47,-9.09,-78.58,67.42,72,35,10.92
491,Manado,ID,2020-06-21 19:51:48,1.49,124.85,75.2,94,20,3.94
492,Mount Isa,AU,2020-06-21 19:51:48,-20.73,139.5,53.6,46,0,16.11
493,Nabire,ID,2020-06-21 19:51:48,-3.37,135.48,75.15,87,28,3.91
494,Pokosnoye,RU,2020-06-21 19:51:48,55.53,101.05,57.09,74,25,7.18
495,Moussoro,TD,2020-06-21 19:51:48,13.64,16.49,96.4,21,1,7.38
496,Hualmay,PE,2020-06-21 19:51:49,-11.1,-77.61,67.98,70,27,9.6
497,Amapa,BR,2020-06-21 19:51:49,1.0,-52.0,78.58,93,100,3.91
498,Waingapu,ID,2020-06-21 19:51:49,-9.66,120.26,75.34,85,59,10.04
499,Kodinar,IN,2020-06-21 19:51:19,20.79,70.7,84.13,80,60,16.55
500,Meulaboh,ID,2020-06-21 19:51:50,4.14,96.13,74.82,95,100,3.56
501,Jasper,US,2020-06-21 19:51:50,37.2,-94.35,89.01,55,20,16.11
502,Jaicos,BR,2020-06-21 19:51:50,-7.36,-41.14,82.13,48,26,4.47
503,Chandbali,IN,2020-06-21 19:51:51,20.78,86.77,82.08,81,99,5.82
504,Pecos,US,2020-06-21 19:51:51,31.42,-103.49,105.8,8,1,13.87
505,San Fernando,PH,2020-06-21 19:51:51,15.03,120.69,78.8,88,75,4.7
506,Krasnoselkup,RU,2020-06-21 19:51:52,65.7,82.47,49.84,85,69,13.58
507,Namatanai,PG,2020-06-21 19:51:52,-3.67,152.43,80.02,80,9,3.87
508,Kozan,TR,2020-06-21 19:46:59,37.46,35.82,73.99,83,40,3.36
509,Wagar,SD,2020-06-21 19:51:52,16.15,36.2,96.44,24,99,9.06
510,Dubti,ET,2020-06-21 19:51:53,11.74,41.09,95.31,23,68,16.87
511,Auray,FR,2020-06-21 19:51:53,47.67,-2.99,61.0,75,2,9.71
512,Labuhan,ID,2020-06-21 19:51:53,-6.88,112.21,77.59,87,100,4.16
513,Port Hardy,CA,2020-06-21 19:51:53,50.7,-127.42,59.0,72,75,6.93
514,Alyangula,AU,2020-06-21 19:51:53,-13.85,136.42,59.0,100,0,13.51
515,Challans,FR,2020-06-21 19:51:54,46.84,-1.87,62.01,80,0,8.52
516,Kajaani,FI,2020-06-21 19:51:54,64.23,27.73,62.6,55,32,2.24
517,Pangnirtung,CA,2020-06-21 19:51:54,66.15,-65.71,44.6,75,75,14.99
518,Vardo,NO,2020-06-21 19:48:36,70.37,31.11,44.6,81,20,19.46
519,Angoram,PG,2020-06-21 19:51:55,-4.06,144.07,72.97,98,32,1.72
520,Tipuani,BO,2020-06-21 19:51:56,-15.56,-68.02,86.97,46,65,3.18
521,Minuri,PH,2020-06-21 19:51:56,16.54,121.86,75.51,89,36,2.26
522,Idah,NG,2020-06-21 19:51:56,7.11,6.73,75.61,93,83,4.07
523,Uttaradit,TH,2020-06-21 19:51:57,17.67,100.5,86.0,71,65,1.54
524,Kununurra,AU,2020-06-21 19:51:57,-15.77,128.73,75.2,39,0,11.41
525,Brae,GB,2020-06-21 19:51:57,60.4,-1.35,55.4,93,72,14.99
526,Umm Lajj,SA,2020-06-21 19:51:31,25.02,37.27,83.01,52,100,6.58
527,Port Maria,JM,2020-06-21 19:51:57,18.37,-76.89,88.0,79,8,11.99
528,Imbituba,BR,2020-06-21 19:47:05,-28.24,-48.67,86.0,37,0,6.93
529,Gouyave,GD,2020-06-21 19:51:58,12.16,-61.73,86.0,74,20,23.04
530,Dingli,MT,2020-06-21 19:51:58,35.86,14.38,72.0,68,5,21.92
531,Hoquiam,US,2020-06-21 19:51:58,46.98,-123.89,64.0,67,90,16.11
532,Kambove,CD,2020-06-21 19:51:59,-10.88,26.6,54.39,53,0,3.91
533,Yarensk,RU,2020-06-21 19:51:59,62.17,49.09,43.54,82,37,4.34
534,Wajima,JP,2020-06-21 19:51:59,37.4,136.9,68.43,76,100,6.96
535,Bakchar,RU,2020-06-21 19:51:59,57.02,82.07,54.9,61,100,10.6
536,Zabol,AF,2020-06-21 19:52:00,32.25,67.25,72.75,15,0,7.7
537,Agustin Codazzi,CO,2020-06-21 19:52:00,10.03,-73.24,95.0,41,20,13.87
538,Jatara,IN,2020-06-21 19:52:00,25.02,79.05,87.93,52,43,6.42
539,Fare,PF,2020-06-21 19:52:00,-16.7,-151.02,78.24,80,80,22.59
540,Sudak,UA,2020-06-21 19:52:01,44.85,34.97,71.19,79,20,3.09
541,Saint-Georges,GD,2020-06-21 19:50:05,12.06,-61.75,86.0,74,20,23.04
542,Gazanjyk,TM,2020-06-21 19:52:01,39.24,55.52,78.48,50,0,13.85
543,Nautla,MX,2020-06-21 19:52:01,20.22,-96.78,87.93,62,15,12.26
544,Yerbogachen,RU,2020-06-21 19:52:01,61.28,108.01,63.79,58,86,4.14
545,Turbat,PK,2020-06-21 19:52:02,26.0,63.04,82.69,80,59,5.82
546,Keroka,KE,2020-06-21 19:52:02,-0.78,34.95,55.74,100,100,2.26
547,Xining,CN,2020-06-21 19:52:02,36.62,101.77,52.41,82,98,1.07
548,Pimenta Bueno,BR,2020-06-21 19:52:02,-11.67,-61.19,87.87,52,0,2.62
549,Cutlerville,US,2020-06-21 19:48:35,42.84,-85.66,81.0,50,47,5.01
550,Palestine,PS,2020-06-21 19:48:11,31.92,35.2,84.2,45,0,5.82
551,Bilma,NE,2020-06-21 19:51:53,18.69,12.92,91.31,11,0,7.47
552,Yurginskoye,RU,2020-06-21 19:52:03,56.82,67.39,41.2,89,0,4.85
553,Sal Rei,CV,2020-06-21 19:52:03,16.18,-22.92,80.6,69,75,17.22
554,Valavanur,IN,2020-06-21 19:52:03,11.92,79.58,85.23,61,100,11.5
555,Coquimbo,CL,2020-06-21 19:52:04,-29.95,-71.34,62.6,63,17,13.87
556,Luganville,VU,2020-06-21 19:52:04,-15.53,167.17,78.8,94,75,6.93
557,Aswan,EG,2020-06-21 19:49:05,24.09,32.91,90.34,14,0,10.0
558,Axim,GH,2020-06-21 19:51:52,4.87,-2.24,76.57,87,100,11.03
559,Altamira,BR,2020-06-21 19:49:28,-3.2,-52.21,89.6,59,40,3.36
560,Alindao,CF,2020-06-21 19:52:05,5.03,21.21,68.83,94,92,0.6
561,Mae Hong Son,TH,2020-06-21 19:52:05,19.3,97.97,74.95,84,66,1.36
562,Porto Nacional,BR,2020-06-21 19:52:05,-10.71,-48.42,91.99,43,40,8.05
563,Sabaudia,IT,2020-06-21 19:52:06,41.3,13.03,66.99,85,99,4.0
564,Birjand,IR,2020-06-21 19:52:06,32.87,59.22,78.8,12,0,9.17
565,Soc Trang,VN,2020-06-21 19:52:06,9.6,105.98,79.88,81,100,3.13
566,Sorland,NO,2020-06-21 19:52:06,67.67,12.69,69.8,52,91,4.7
567,Wuwei,CN,2020-06-21 19:52:07,37.93,102.64,59.99,59,81,9.48
568,Nantucket,US,2020-06-21 19:50:16,41.28,-70.1,78.01,83,75,10.29
569,Bud,US,2020-06-21 19:52:07,39.45,-86.18,75.0,88,90,3.36
570,Rio Casca,BR,2020-06-21 19:48:39,-20.23,-42.65,70.43,72,28,3.36
571,Itarema,BR,2020-06-21 19:52:07,-2.92,-39.92,81.09,73,17,12.46
572,Phek,IN,2020-06-21 19:52:08,25.67,94.5,62.35,100,99,1.16
573,Kidal,ML,2020-06-21 19:52:08,18.44,1.41,98.38,8,0,13.98
574,Vestmannaeyjar,IS,2020-06-21 19:52:08,63.44,-20.27,51.8,87,75,26.4
575,Kakching,IN,2020-06-21 19:52:08,24.48,93.98,70.2,93,95,1.45
576,Asmar,AF,2020-06-21 19:52:09,35.03,71.36,79.27,33,0,4.07
577,Bluefield,US,2020-06-21 19:47:30,37.27,-81.22,77.0,83,75,3.36
578,Lodingen,NO,2020-06-21 19:52:09,68.41,16.0,68.0,49,0,10.29
579,Salalah,OM,2020-06-21 19:52:09,17.02,54.09,82.4,94,75,6.93
580,Bassila,BJ,2020-06-21 19:52:09,9.01,1.67,75.56,86,91,3.71
581,San Estanislao,CO,2020-06-21 19:51:19,10.4,-75.15,86.0,79,75,6.93
582,Macae,BR,2020-06-21 19:52:10,-22.37,-41.79,87.8,48,0,9.17
583,Clonakilty,IE,2020-06-21 19:52:10,51.62,-8.87,57.0,71,75,12.75
584,Vondrozo,MG,2020-06-21 19:52:10,-22.82,47.28,56.57,100,44,1.9
585,Waipawa,NZ,2020-06-21 19:52:10,-41.41,175.52,51.8,87,100,6.93
586,Diego De Almagro,CL,2020-06-21 19:52:10,-26.37,-70.05,77.34,18,0,8.86
587,Tibati,CM,2020-06-21 19:52:11,6.47,12.63,69.08,91,100,2.3
588,Kalabo,ZM,2020-06-21 19:52:11,-14.97,22.68,56.14,44,0,5.66
589,Qaqortoq,GL,2020-06-21 19:51:58,60.72,-46.03,60.8,41,100,9.17
590,Kutum,SD,2020-06-21 19:52:11,14.2,24.67,78.15,16,0,5.88
591,Mitchell,US,2020-06-21 19:52:11,43.71,-98.03,73.4,60,90,9.17
592,Beira,MZ,2020-06-21 19:51:45,-19.84,34.84,62.6,93,0,5.82
593,Honiara,SB,2020-06-21 19:52:12,-9.43,159.95,77.54,76,79,3.98
594,Yumen,CN,2020-06-21 19:49:36,40.28,97.2,60.53,50,37,3.94
595,Mayo,US,2020-06-21 19:52:12,38.89,-76.51,84.0,74,1,8.05
596,Teya,RU,2020-06-21 19:52:12,60.38,92.63,47.3,92,98,2.28
597,Berlevag,NO,2020-06-21 19:52:13,70.86,29.09,46.29,75,21,8.41
598,Guerrero Negro,MX,2020-06-21 19:52:13,27.98,-114.06,72.18,52,1,17.81
599,Palmer,US,2020-06-21 19:52:13,42.16,-72.33,91.99,33,75,4.7
600,Chukhloma,RU,2020-06-21 19:52:13,58.75,42.68,46.24,84,0,2.57
601,Puerto Carreno,CO,2020-06-21 19:52:13,6.19,-67.49,86.0,66,40,5.82
602,Naldurg,IN,2020-06-21 19:52:14,17.82,76.3,76.66,80,100,15.57
603,Mayumba,GA,2020-06-21 19:52:14,-3.43,10.66,72.73,90,0,4.54
604,Kiama,AU,2020-06-21 19:52:14,-34.68,150.87,50.0,76,46,5.01
605,Mayenne,FR,2020-06-21 19:52:14,48.33,-0.67,62.6,67,4,12.75
606,Avera,US,2020-06-21 19:50:29,33.19,-82.53,91.4,43,40,6.58
607,Jaque,PA,2020-06-21 19:51:21,7.52,-78.17,82.81,73,49,5.37
608,Baykit,RU,2020-06-21 19:52:15,61.67,96.37,56.03,77,34,3.31
609,Bambanglipuro,ID,2020-06-21 19:52:15,-7.95,110.28,76.33,88,59,7.99
610,Kumo,NG,2020-06-21 19:52:15,10.04,11.21,80.64,72,42,8.7
611,Quelimane,MZ,2020-06-21 19:50:35,-17.88,36.89,69.8,88,0,3.36
612,Mamou,GN,2020-06-21 19:52:16,10.5,-12.0,73.51,91,25,4.21
613,Vanavara,RU,2020-06-21 19:52:16,60.34,102.28,62.71,69,97,4.34
614,La Sarre,CA,2020-06-21 19:52:16,48.8,-79.2,75.61,78,100,7.72
615,Wukari,NG,2020-06-21 19:52:16,7.85,9.78,75.0,92,100,10.36
616,Tenenkou,ML,2020-06-21 19:52:17,14.46,-4.92,98.06,26,92,17.65
617,Ust-Kulom,RU,2020-06-21 19:52:17,61.69,53.69,43.75,84,68,7.11
618,Abalak,RU,2020-06-21 19:52:17,58.13,68.59,41.54,97,0,6.38
619,Kitui,KE,2020-06-21 19:52:17,-1.37,38.01,65.12,74,88,7.05
620,Bandarbeyla,SO,2020-06-21 19:52:17,9.49,50.81,80.49,72,55,27.89
621,Motygino,RU,2020-06-21 19:52:18,58.18,94.76,50.95,94,98,2.26
622,Lata,PT,2020-06-21 19:52:18,40.16,-8.33,69.01,76,0,7.0
623,Mogocha,RU,2020-06-21 19:52:18,53.73,119.77,49.08,95,100,3.0
624,Kolondieba,ML,2020-06-21 19:52:18,11.09,-6.89,88.84,41,25,4.09
625,Chihuahua,MX,2020-06-21 19:50:36,28.5,-106.0,91.4,17,75,4.7
626,Sinnamary,GF,2020-06-21 19:52:19,5.38,-52.95,82.2,72,0,11.21
627,Ciawi,ID,2020-06-21 19:52:19,-7.51,107.98,67.23,100,97,2.55
628,Dzilam Gonzalez,MX,2020-06-21 19:52:19,21.28,-88.93,92.34,50,0,6.89
629,Keti Bandar,PK,2020-06-21 19:52:19,24.14,67.45,85.8,79,63,13.87
630,Ipixuna,BR,2020-06-21 19:47:56,-1.76,-48.8,87.8,62,40,12.75
631,Halden,NO,2020-06-21 19:52:20,59.12,11.39,63.0,100,90,4.7
632,Marfino,RU,2020-06-21 19:52:20,55.7,37.38,62.01,71,2,7.14
633,Miyang,CN,2020-06-21 19:52:20,24.4,103.44,66.04,89,100,4.85
634,Tarko-Sale,RU,2020-06-21 19:52:20,64.92,77.78,48.0,90,0,11.63
635,Kholodnyy,RU,2020-06-21 19:52:20,62.72,147.95,65.57,43,0,2.59
636,Killybegs,IE,2020-06-21 19:52:21,54.63,-8.45,57.2,71,20,21.92
637,Kermanshah,IR,2020-06-21 19:52:21,34.31,47.06,73.4,28,0,11.41
638,Wollongong,AU,2020-06-21 19:52:21,-34.43,150.88,50.0,75,60,3.0
639,Ucluelet,CA,2020-06-21 19:51:44,48.93,-125.55,60.01,82,75,11.41
640,Yasnyy,RU,2020-06-21 19:52:22,51.03,59.87,61.18,79,88,18.23
641,Sao Jose Do Rio Preto,BR,2020-06-21 19:52:22,-20.82,-49.38,86.0,22,2,5.82
642,Campbell River,CA,2020-06-21 19:52:22,50.02,-125.24,63.0,72,75,3.36
643,Augusto Correa,BR,2020-06-21 19:52:22,-1.02,-46.63,79.92,88,61,5.79
644,Pascagoula,US,2020-06-21 19:52:22,30.37,-88.56,91.99,55,1,5.82
645,Sept-Iles,CA,2020-06-21 19:50:38,50.2,-66.38,59.0,76,90,13.87
646,Nyurba,RU,2020-06-21 19:52:23,63.28,118.33,60.08,90,100,5.57
647,Storforshei,NO,2020-06-21 19:52:23,66.4,14.52,68.0,49,37,8.05
648,Maryville,US,2020-06-21 19:52:23,35.76,-83.97,91.4,36,90,16.11
649,Trairi,BR,2020-06-21 19:48:30,-3.28,-39.27,80.58,72,4,10.45
650,Bam,IR,2020-06-21 19:52:24,29.11,58.36,93.04,23,0,11.54
651,Ouadda,CF,2020-06-21 19:52:24,8.08,22.4,68.95,93,100,3.85
652,Cartagena,CO,2020-06-21 19:51:16,10.4,-75.51,86.0,79,75,6.93
653,Broken Hill,AU,2020-06-21 19:50:51,-31.95,141.43,48.2,81,90,13.87
654,Mosquera,CO,2020-06-21 19:51:20,4.71,-74.23,68.0,42,40,13.87
655,Turayf,SA,2020-06-21 19:48:50,31.67,38.66,84.2,30,0,13.87
656,Dhandhuka,IN,2020-06-21 19:52:25,22.37,71.98,87.82,62,100,12.66
657,Khani,GE,2020-06-21 19:52:25,41.96,42.96,64.4,88,81,2.24
658,Olinda,BR,2020-06-21 19:52:21,-8.01,-34.86,80.6,69,40,14.99
659,Amga,RU,2020-06-21 19:52:25,60.9,131.96,52.36,70,36,3.47
660,Tautira,PF,2020-06-21 19:51:14,-17.73,-149.15,82.4,69,20,2.24
661,Morondava,MG,2020-06-21 19:51:47,-20.28,44.28,72.37,81,0,10.51
662,Ostrovnoy,RU,2020-06-21 19:50:57,68.05,39.51,58.8,55,100,8.41
663,Cururupu,BR,2020-06-21 19:51:41,-1.83,-44.87,81.95,73,3,5.01
664,Tabory,RU,2020-06-21 19:52:26,58.52,64.55,43.12,96,0,6.87
665,Blora,ID,2020-06-21 19:52:26,-6.97,111.42,74.21,91,88,5.84
666,Tukrah,LY,2020-06-21 19:52:27,32.53,20.58,70.5,83,0,7.58
667,Muzhi,RU,2020-06-21 19:52:27,65.37,64.67,45.37,74,100,14.47
668,Channel-Port Aux Basques,CA,2020-06-21 19:51:44,47.57,-59.14,49.78,84,81,16.15
669,Barber,CW,2020-06-21 19:52:27,12.28,-69.07,89.6,59,20,19.46
670,Mhlume,SZ,2020-06-21 19:52:27,-26.03,31.85,59.0,58,0,2.24
671,Micheweni,TZ,2020-06-21 19:52:28,-4.97,39.83,78.93,74,100,17.63
672,Manono,CD,2020-06-21 19:52:28,-7.3,27.42,72.88,39,26,6.53
673,Uitenhage,ZA,2020-06-21 19:52:28,-33.76,25.4,60.8,82,0,13.87
674,Wad Madani,SD,2020-06-21 19:52:28,14.4,33.52,96.13,12,0,8.81
675,Cayenne,GF,2020-06-21 19:52:07,4.93,-52.33,87.8,66,20,13.87
676,Greymouth,NZ,2020-06-21 19:52:29,-42.47,171.2,44.02,80,0,5.23
677,San Vicente De Canete,PE,2020-06-21 19:52:29,-13.08,-76.38,67.69,69,31,6.46
678,Porto Santo,PT,2020-06-21 19:52:29,33.07,-16.34,69.8,73,40,10.29
679,Ialibu,PG,2020-06-21 19:52:29,-6.28,143.99,60.8,100,40,0.78
680,Altamont,US,2020-06-21 19:52:29,42.21,-121.74,77.0,40,1,6.93
681,Tokur,RU,2020-06-21 19:52:30,53.13,132.9,42.4,85,100,5.64
682,Wattegama,LK,2020-06-21 19:52:30,6.8,81.48,79.07,74,100,2.77
683,Palu,ID,2020-06-21 19:52:30,-0.89,119.87,75.2,80,85,3.18
684,Tosagua,EC,2020-06-21 19:52:30,-0.78,-80.25,80.6,78,40,12.75
685,Roald,NO,2020-06-21 19:52:04,62.58,6.13,59.0,93,75,6.93
686,Sabinas,MX,2020-06-21 19:52:31,27.85,-101.12,98.1,34,0,10.49
687,Rio Branco,BR,2020-06-21 19:52:31,-9.97,-67.81,89.6,59,75,6.93
688,Grants Pass,US,2020-06-21 19:51:27,42.44,-123.33,77.0,47,1,5.82
689,Tala,EG,2020-06-21 19:52:31,30.68,30.94,68.85,85,0,5.93
690,Kyrnasivka,UA,2020-06-21 19:52:31,48.6,28.98,69.01,78,96,4.54
691,Trinidad,BO,2020-06-21 19:52:32,-14.83,-64.9,91.4,52,20,11.41
692,Ruteng,ID,2020-06-21 19:52:32,-8.61,120.47,58.96,86,88,1.3
693,Caconda,AO,2020-06-21 19:52:32,-13.73,15.07,54.39,40,0,3.74
694,Paamiut,GL,2020-06-21 19:52:32,61.99,-49.67,41.77,84,57,12.71
695,Dali,CN,2020-06-21 19:52:32,25.7,100.18,63.59,86,52,5.39
696,Nanakuli,US,2020-06-21 19:52:32,21.39,-158.15,82.4,61,75,9.17
697,Coyah,GN,2020-06-21 19:52:33,9.75,-13.42,78.19,88,90,3.24
698,Nuevo Progreso,MX,2020-06-21 19:52:33,23.17,-97.95,91.0,53,18,5.01
699,Awjilah,LY,2020-06-21 19:52:33,29.11,21.29,77.54,44,0,15.59
700,Anori,BR,2020-06-21 19:52:33,-3.77,-61.64,84.58,70,95,3.13
701,Sao Paulo Do Potengi,BR,2020-06-21 19:52:33,-5.89,-35.76,80.6,74,40,9.17
702,Ukiah,US,2020-06-21 19:48:49,39.15,-123.21,87.8,31,1,10.29
703,Taybad,IR,2020-06-21 19:52:34,34.74,60.78,87.03,12,0,10.89
704,Sesheke,ZM,2020-06-21 19:52:34,-17.48,24.3,51.8,62,0,1.12
705,Camacha,PT,2020-06-21 19:50:37,33.08,-16.33,69.8,73,40,10.29
706,Kasama,ZM,2020-06-21 19:52:34,-10.21,31.18,52.72,69,0,3.87
707,Sabancuy,MX,2020-06-21 19:52:35,18.97,-91.18,90.99,55,0,6.8
708,Pital,CO,2020-06-21 19:52:35,2.27,-75.8,75.36,74,51,8.21
709,Batticaloa,LK,2020-06-21 19:52:35,7.71,81.69,83.89,69,100,16.2
710,Sembe,CG,2020-06-21 19:52:35,1.65,14.58,71.31,90,0,2.37
711,Sainte-Marie,RE,2020-06-21 19:52:35,-20.9,55.55,69.8,77,20,12.75
712,Yanggu,CN,2020-06-21 19:52:36,36.11,115.78,73.47,71,82,9.86
713,Orlik,RU,2020-06-21 19:52:36,52.52,99.83,47.7,82,77,3.24
714,Iznoski,RU,2020-06-21 19:52:36,54.99,35.31,51.53,90,0,5.26
715,Ballina,AU,2020-06-21 19:52:36,-28.87,153.57,53.6,93,0,6.93
716,Launceston,AU,2020-06-21 19:52:36,-41.45,147.17,46.4,100,90,3.91
717,Zhanaozen,KZ,2020-06-21 19:51:34,43.3,52.8,83.62,20,72,22.28
718,Yepifan,RU,2020-06-21 19:52:37,53.83,38.55,57.29,76,40,9.53
719,Erenhot,CN,2020-06-21 19:52:37,43.65,111.98,79.11,28,100,14.12
720,Eyl,SO,2020-06-21 19:52:38,7.98,49.82,81.07,70,11,22.24
721,Lomita,US,2020-06-21 19:52:38,33.79,-118.32,72.0,68,75,11.41
722,Sarangani,PH,2020-06-21 19:52:38,5.4,125.46,83.66,71,94,4.94
723,Taonan,CN,2020-06-21 19:52:38,45.33,122.78,67.39,71,100,1.81
724,Sompeta,IN,2020-06-21 19:52:39,18.93,84.6,83.61,71,100,7.05
725,Turan,VN,2020-06-21 19:50:07,16.07,108.22,78.8,83,20,2.24
726,Kaka,TM,2020-06-21 19:52:39,37.35,59.61,90.12,22,0,12.06
727,Kenai,US,2020-06-21 19:52:39,60.55,-151.26,62.01,51,1,5.82
728,Bor,RU,2020-06-21 19:52:39,56.36,44.07,61.0,76,0,5.23
729,Nara,JP,2020-06-21 19:48:41,34.69,135.8,73.0,39,100,12.26
730,Hlinsko,CZ,2020-06-21 19:52:40,49.76,15.91,60.8,87,75,8.05
731,Sikonge,TZ,2020-06-21 19:52:40,-5.63,32.77,68.0,60,0,3.02
732,Perigueux,FR,2020-06-21 19:52:40,45.18,0.72,66.0,71,34,4.61
733,Lethem,GY,2020-06-21 19:52:01,3.38,-59.8,82.42,77,100,6.53
734,Usinsk,RU,2020-06-21 19:52:41,65.99,57.53,40.91,74,71,15.48
735,Karratha,AU,2020-06-21 19:52:41,-20.74,116.85,65.3,37,0,11.18
736,Kirkcudbright,GB,2020-06-21 19:52:41,54.84,-4.05,57.99,85,2,3.0
737,Takoradi,GH,2020-06-21 19:51:42,4.88,-1.76,76.91,87,100,12.82
738,Hurghada,EG,2020-06-21 19:52:41,27.26,33.81,89.73,21,0,11.05
739,Abu Zabad,SD,2020-06-21 19:52:41,12.35,29.25,90.18,30,0,8.72
740,Ossora,RU,2020-06-21 19:52:42,59.24,163.07,61.63,56,0,2.39
741,Buritizeiro,BR,2020-06-21 19:52:42,-17.35,-44.96,74.59,41,0,3.87
742,Agua Verde,MX,2020-06-21 19:52:42,22.9,-106.05,91.4,41,5,13.87
743,Beringovskiy,RU,2020-06-21 19:51:42,63.05,179.32,50.05,49,0,4.27
744,Harper,LR,2020-06-21 19:52:43,4.38,-7.72,76.77,86,100,11.83
745,Lamesa,US,2020-06-21 19:52:43,32.74,-101.95,100.4,18,1,16.11
746,Port Hueneme,US,2020-06-21 19:52:43,34.15,-119.2,73.0,77,90,4.7
747,Beatrice,US,2020-06-21 19:52:43,40.27,-96.75,80.6,57,1,11.41
748,Thunder Bay,CA,2020-06-21 19:47:54,48.4,-89.32,71.6,56,20,10.29
749,Businga,CD,2020-06-21 19:52:44,3.33,20.88,70.7,97,2,2.62
750,Bowen,AU,2020-06-21 19:52:44,-20.02,148.23,66.99,93,90,2.24
751,Acarau,BR,2020-06-21 19:52:44,-2.89,-40.12,81.82,73,23,11.92
752,Sampit,ID,2020-06-21 19:52:44,-2.53,112.95,73.31,97,100,1.61
753,Cap Malheureux,MU,2020-06-21 19:51:22,-19.98,57.61,72.0,73,27,8.01
754,Brenham,US,2020-06-21 19:49:39,30.17,-96.4,91.0,66,75,13.04
755,Batagay-Alyta,RU,2020-06-21 19:52:45,67.8,130.41,76.95,39,51,0.72
756,Gasa,PS,2020-06-21 19:52:45,31.5,34.47,84.2,45,0,5.82
757,Mahanoro,MG,2020-06-21 19:52:45,-19.9,48.8,68.52,88,99,3.89
758,Dunedin,NZ,2020-06-21 19:52:12,-45.87,170.5,34.0,93,2,7.0
759,Basavana Bagevadi,IN,2020-06-21 19:52:46,16.58,75.97,76.78,75,100,18.1
760,Arlit,NE,2020-06-21 19:51:49,18.74,7.39,98.44,8,41,6.46
761,Gusau,NG,2020-06-21 19:52:46,12.16,6.66,90.52,38,99,6.06
762,Kargil,IN,2020-06-21 19:52:46,34.57,76.1,52.18,51,2,3.89
763,Te Anau,NZ,2020-06-21 19:52:01,-45.42,167.72,36.52,83,72,0.94
764,Bairiki,KI,2020-06-21 19:52:47,1.33,172.98,80.6,78,75,8.05
765,Makakilo City,US,2020-06-21 19:52:47,21.35,-158.09,82.4,61,75,9.17
766,Jawar,IN,2020-06-21 19:52:47,23.0,76.5,79.56,77,100,14.72
767,Xianyang,CN,2020-06-21 19:52:47,34.34,108.7,77.0,83,90,2.24
768,Kumluca,TR,2020-06-21 19:52:48,36.37,30.29,73.31,60,0,5.66
769,Port-Gentil,GA,2020-06-21 19:52:48,-0.72,8.78,77.0,88,40,9.17
770,Kosh-Agach,RU,2020-06-21 19:52:48,50.0,88.67,34.95,85,100,8.28
771,Damulog,PH,2020-06-21 19:52:48,7.48,124.94,71.85,91,40,0.89
772,Awbari,LY,2020-06-21 19:52:48,26.59,12.78,87.66,16,0,10.38
773,Cariamanga,EC,2020-06-21 19:52:48,-4.33,-79.55,77.0,50,75,4.68
774,Yanam,IN,2020-06-21 19:52:49,16.73,82.22,78.94,87,100,3.83
775,Tadpatri,IN,2020-06-21 19:52:49,14.92,78.02,81.93,65,100,18.32
776,Carbonear,CA,2020-06-21 19:52:49,47.73,-53.21,61.0,100,77,5.99
777,Lalmohan,BD,2020-06-21 19:52:49,22.34,90.74,83.17,83,1,14.85
778,Tharad,IN,2020-06-21 19:51:22,24.4,71.63,87.87,64,36,12.57
779,Barcelona,ES,2020-06-21 19:49:24,41.39,2.16,75.2,83,0,5.82
780,Empangeni,ZA,2020-06-21 19:52:50,-28.76,31.89,58.69,63,0,4.99
781,Wawina,HN,2020-06-21 19:52:50,15.42,-84.43,88.29,61,38,8.52
782,Matamoros,MX,2020-06-21 19:52:21,25.53,-103.25,95.0,23,40,5.06
783,Kuytun,RU,2020-06-21 19:52:50,54.34,101.5,55.51,75,2,6.15
784,San Policarpo,PH,2020-06-21 19:52:51,12.18,125.51,81.97,79,65,6.29
785,Epe,NG,2020-06-21 19:52:51,6.58,3.98,77.54,88,100,4.79
786,Myitkyina,MM,2020-06-21 19:52:51,25.38,97.4,76.06,96,98,1.59
787,Kingisepp,RU,2020-06-21 19:52:51,59.37,28.61,54.0,74,0,5.57
788,Ramnagar,IN,2020-06-21 19:52:51,29.4,79.12,80.31,58,1,2.66
789,Arnstadt,DE,2020-06-21 19:52:52,50.83,10.95,68.0,60,0,3.36
790,Karachi,PK,2020-06-21 19:52:52,24.91,67.08,87.8,70,40,6.93
791,Virginia Beach,US,2020-06-21 19:48:57,36.85,-75.98,82.0,69,20,8.05
792,Rila,BG,2020-06-21 19:52:52,42.13,23.13,62.6,67,75,14.99
793,Port Augusta,AU,2020-06-21 19:52:52,-32.5,137.77,50.0,93,20,4.7
794,Vallenar,CL,2020-06-21 19:52:53,-28.57,-70.76,77.47,23,0,4.61
795,Vrangel,RU,2020-06-21 19:52:53,42.73,133.08,58.12,95,100,2.73
796,Guangyuan,CN,2020-06-21 19:52:53,32.44,105.82,70.47,82,100,4.0
797,Dongsheng,CN,2020-06-21 19:52:53,39.82,109.98,65.95,53,100,23.73
798,Northam,GB,2020-06-21 19:52:54,51.03,-4.22,60.01,88,0,10.0
799,Sibolga,ID,2020-06-21 19:52:15,1.74,98.78,76.14,84,100,3.87
800,Lerwick,GB,2020-06-21 19:52:54,60.15,-1.15,55.4,93,81,8.05
801,Aden,YE,2020-06-21 19:52:54,12.78,45.04,88.12,72,22,3.24
802,Saint Marys,US,2020-06-21 19:52:54,30.73,-81.55,91.99,74,40,10.29
803,Manyana,BW,2020-06-21 19:52:55,-23.4,21.72,50.5,47,0,4.63
804,Palora,EC,2020-06-21 19:52:55,-1.7,-77.93,71.6,88,90,3.36
805,Milton,US,2020-06-21 19:50:02,34.13,-84.3,91.99,47,99,1.99
806,San Quintin,MX,2020-06-21 19:52:55,30.48,-115.95,70.0,66,16,15.73
807,Griffith,US,2020-06-21 19:52:33,41.53,-87.42,82.99,57,1,5.17
808,Vyartsilya,RU,2020-06-21 19:52:56,62.18,30.69,53.38,65,0,3.8
809,Road Town,VG,2020-06-21 19:49:30,18.42,-64.62,89.6,66,20,11.41
810,Arrecife,ES,2020-06-21 19:52:56,28.96,-13.55,73.4,73,20,18.34
811,Gaya,IN,2020-06-21 19:52:56,24.78,85.0,85.96,70,97,10.36
812,Middle Island,US,2020-06-21 19:52:50,40.88,-72.94,84.99,58,1,11.41
813,Sarkand,KZ,2020-06-21 19:52:57,45.41,79.92,54.77,40,0,4.12
814,Pauini,BR,2020-06-21 19:52:57,-7.71,-66.98,92.41,41,1,2.86
815,Roebourne,AU,2020-06-21 19:52:57,-20.78,117.13,65.93,37,0,11.7
816,Gizo,SB,2020-06-21 19:52:57,-8.1,156.84,82.56,73,16,6.6
817,Pandan,PH,2020-06-21 19:52:58,14.05,124.17,81.01,86,63,7.49
818,Teluk Nibung,ID,2020-06-21 19:52:58,3.0,99.82,75.58,90,100,5.68
819,Agirish,RU,2020-06-21 19:52:58,61.92,63.02,42.4,93,76,8.28
820,Khuzdar,PK,2020-06-21 19:52:58,27.74,66.64,80.4,58,0,6.67
821,Poptun,GT,2020-06-21 19:52:58,16.33,-89.42,85.89,64,39,5.3
822,Xichang,CN,2020-06-21 19:52:59,27.9,102.26,71.42,74,100,2.28
823,Marawi,PH,2020-06-21 19:52:59,8.0,124.29,75.99,91,18,4.0
824,Kosino,RU,2020-06-21 19:52:59,58.41,51.28,41.94,85,2,5.53
825,Mana,GF,2020-06-21 19:52:59,5.66,-53.78,82.26,74,1,11.43
826,Wanning,CN,2020-06-21 19:52:59,18.8,110.4,82.4,88,21,12.35
827,Mount Darwin,ZW,2020-06-21 19:53:00,-16.77,31.58,59.32,51,91,0.76
828,Nova Odesa,UA,2020-06-21 19:53:00,47.31,31.79,69.71,76,0,5.01
829,Nadym,RU,2020-06-21 19:53:00,65.53,72.52,46.44,96,74,10.51
830,Oborniki,PL,2020-06-21 19:53:01,52.65,16.81,66.0,93,90,11.41
831,Kirriemuir,GB,2020-06-21 19:53:01,56.67,-3.0,60.8,72,20,21.92
832,Kogon,UZ,2020-06-21 19:53:01,39.72,64.55,82.4,23,5,6.93
833,Dharan,NP,2020-06-21 19:53:01,26.81,87.28,78.19,79,20,4.32
834,Santa Luzia,BR,2020-06-21 19:53:02,-19.77,-43.85,75.2,53,20,8.05
835,Kenora,CA,2020-06-21 19:52:13,49.82,-94.43,59.0,87,75,8.05
836,Marolambo,MG,2020-06-21 19:53:02,-20.05,48.12,61.75,93,92,1.25
837,Kyabe,TD,2020-06-21 19:53:02,9.45,18.94,79.75,65,85,6.93
838,Prince Rupert,CA,2020-06-21 19:53:03,54.32,-130.32,55.4,62,90,4.7
839,Kieta,PG,2020-06-21 19:51:49,-6.22,155.63,78.44,78,56,4.54
840,Providencia,MX,2020-06-21 19:53:03,28.72,-111.58,100.99,27,0,11.99
841,Yuanping,CN,2020-06-21 19:53:04,38.72,112.76,69.26,59,100,1.16
842,Fort-Shevchenko,KZ,2020-06-21 19:53:04,44.51,50.26,80.04,53,100,15.48
843,Belaya Gora,RU,2020-06-21 19:53:04,68.53,146.42,82.35,24,0,1.23
844,Pallasovka,RU,2020-06-21 19:53:05,50.05,46.88,66.85,56,94,15.66
845,Nhulunbuy,AU,2020-06-21 19:53:05,-12.23,136.77,75.78,75,0,13.27
846,San Antonio,US,2020-06-21 19:48:53,29.42,-98.49,93.2,52,20,11.41
847,Magdagachi,RU,2020-06-21 19:53:05,53.45,125.8,48.52,98,100,3.62
848,Cahors,FR,2020-06-21 19:53:05,44.42,1.33,71.6,64,2,4.7
849,Anadyr,RU,2020-06-21 19:53:06,64.75,177.48,66.2,45,25,3.58
850,Pierre,US,2020-06-21 19:52:25,44.37,-100.35,81.0,44,1,4.7
851,Pocone,BR,2020-06-21 19:53:06,-16.26,-56.62,90.41,35,0,5.73
852,Bereda,ES,2020-06-21 19:53:06,43.27,-7.54,69.01,89,5,8.99
853,Cap-Aux-Meules,CA,2020-06-21 19:53:06,47.38,-61.86,57.2,82,90,5.82
854,Sisimiut,GL,2020-06-21 19:53:06,66.94,-53.67,48.52,52,0,12.39
855,Bay Roberts,CA,2020-06-21 19:53:07,47.6,-53.26,61.0,53,100,5.01
856,Jumla,NP,2020-06-21 19:53:07,29.27,82.18,60.42,70,94,0.72
857,Abapo,BO,2020-06-21 19:53:07,-18.83,-63.47,90.05,37,0,10.18
858,Grasse,FR,2020-06-21 19:50:04,43.67,6.92,71.6,68,0,2.24
859,Kwekwe,ZW,2020-06-21 19:53:08,-18.93,29.81,50.31,50,0,4.05
860,Bandundu,CD,2020-06-21 19:53:08,-3.32,17.37,78.1,53,6,2.62
861,Morant Bay,JM,2020-06-21 19:53:08,17.88,-76.41,89.6,70,20,26.4
862,Gao,ML,2020-06-21 19:53:09,16.64,1.64,99.12,14,4,6.53
863,Rumoi,JP,2020-06-21 19:53:09,43.93,141.64,54.63,85,100,8.55
864,Tignere,CM,2020-06-21 19:53:09,7.37,12.65,65.62,93,94,2.51
865,Arak,IR,2020-06-21 19:53:09,34.09,49.69,63.19,30,0,7.34
866,Havre-Saint-Pierre,CA,2020-06-21 19:51:32,50.23,-63.6,59.0,77,90,5.82
867,Jilikul,TJ,2020-06-21 19:53:10,37.49,68.53,69.8,56,20,6.46
868,Copala,MX,2020-06-21 19:53:10,16.65,-98.98,90.07,52,40,10.13
869,Ugoofaaru,MV,2020-06-21 19:53:10,5.67,73.0,83.03,75,100,11.25
870,Mbanza-Ngungu,CD,2020-06-21 19:53:10,-5.25,14.87,68.95,73,0,3.4
871,Chicama,PE,2020-06-21 19:52:04,-7.84,-79.15,72.95,58,5,9.44
872,Panama City,PA,2020-06-21 19:53:11,8.99,-79.52,87.8,74,40,8.05
873,Chiredzi,ZW,2020-06-21 19:53:11,-21.05,31.67,60.62,42,0,2.26
874,Obo,CF,2020-06-21 19:53:11,5.4,26.49,69.22,94,1,2.68
875,Rolla,US,2020-06-21 19:52:19,37.95,-91.77,87.01,51,75,9.17
876,Tsiroanomandidy,MG,2020-06-21 19:53:12,-18.77,46.03,64.81,74,97,2.55
877,Boke,GN,2020-06-21 19:53:12,10.94,-14.3,79.81,86,95,6.4
878,Savinskiy,RU,2020-06-21 19:53:12,62.93,40.14,44.82,69,49,1.45
879,Llata,PE,2020-06-21 19:53:12,-9.42,-76.78,60.1,50,80,6.4
880,Estelle,US,2020-06-21 19:53:13,29.85,-90.11,82.4,83,75,5.82
881,Ternate,ID,2020-06-21 19:53:13,0.8,127.4,80.62,78,19,3.62
882,Karaton,ID,2020-06-21 19:53:13,-6.34,106.1,80.6,83,40,4.7
883,Rio Gallegos,AR,2020-06-21 19:53:13,-51.62,-69.22,39.2,80,97,2.24
884,Calvia,ES,2020-06-21 19:53:13,39.57,2.51,75.2,73,13,6.93
885,Deep River,CA,2020-06-21 19:53:13,46.1,-77.5,89.01,45,40,8.05
886,Yining,CN,2020-06-21 19:52:42,29.04,114.56,75.83,92,100,1.23
887,Lahij,YE,2020-06-21 19:52:13,13.17,44.58,92.3,44,19,2.3
888,Chapais,CA,2020-06-21 19:50:33,49.78,-74.85,89.6,31,20,14.99
889,Boa Vista,BR,2020-06-21 19:48:20,2.82,-60.67,82.4,69,40,2.24
890,Hervey Bay,AU,2020-06-21 19:53:14,-25.3,152.85,61.0,89,74,3.0
891,Casselman,CA,2020-06-21 19:53:14,45.32,-75.08,91.4,41,40,10.29
892,Talara,PE,2020-06-21 19:53:15,-4.58,-81.27,68.7,77,6,14.0
893,Asyut,EG,2020-06-21 19:51:56,27.18,31.18,88.12,15,0,3.98
894,Coruripe,BR,2020-06-21 19:53:15,-10.13,-36.18,75.67,77,0,8.21
895,Halifax,CA,2020-06-21 19:52:10,44.65,-63.57,64.99,82,56,3.0
896,Sibu,MY,2020-06-21 19:53:15,2.3,111.82,77.0,94,40,3.36
897,Nakusp,CA,2020-06-21 19:53:16,50.25,-117.8,70.0,54,23,3.0
898,Huambo,AO,2020-06-21 19:53:16,-12.78,15.74,53.04,43,0,3.38
899,Herouville-Saint-Clair,FR,2020-06-21 19:53:16,49.21,-0.31,59.0,67,5,11.41
900,Oytal,KZ,2020-06-21 19:53:16,42.91,73.27,68.11,27,0,5.59
901,Tupik,RU,2020-06-21 19:53:16,54.43,119.93,50.68,90,100,1.39
902,Viedma,AR,2020-06-21 19:52:49,-40.81,-63.0,54.75,41,0,7.11
903,Sidi Ali,DZ,2020-06-21 19:53:17,36.1,0.42,76.86,46,0,5.93
904,Izazi,TZ,2020-06-21 19:53:17,-7.2,35.73,62.6,63,5,14.99
905,Peniche,PT,2020-06-21 19:53:17,39.36,-9.38,69.01,83,0,11.99
906,Artigas,UY,2020-06-21 19:53:17,-30.4,-56.47,74.37,80,39,6.98
907,Orange Cove,US,2020-06-21 19:53:18,36.62,-119.31,90.0,29,1,3.2
908,Puerto Escondido,MX,2020-06-21 19:53:18,15.85,-97.07,89.6,59,40,5.82
909,Pergamino,AR,2020-06-21 19:53:18,-33.89,-60.57,62.01,50,86,3.0
910,Xuanhua,CN,2020-06-21 19:53:18,40.61,115.04,74.75,53,100,6.24
911,Starobaltachevo,RU,2020-06-21 19:53:18,56.0,55.92,47.26,69,93,6.8
912,Zhangjiakou,CN,2020-06-21 19:51:13,40.81,114.88,73.18,55,100,6.98
913,Ayna,PE,2020-06-21 19:53:19,-12.65,-73.92,70.3,58,69,3.58
914,Solvychegodsk,RU,2020-06-21 19:53:19,61.33,46.92,43.54,83,5,4.16
915,Chanika,TZ,2020-06-21 19:53:19,-5.42,38.02,61.81,88,16,2.84
916,Olafsvik,IS,2020-06-21 19:53:20,64.89,-23.71,55.67,68,2,21.05
917,Lasa,IT,2020-06-21 19:53:20,46.62,10.7,55.4,66,40,9.17
918,Eureka,US,2020-06-21 19:53:20,40.8,-124.16,64.99,87,54,5.01
919,Bulungu,CD,2020-06-21 19:53:20,-4.55,18.6,72.95,47,0,1.23
920,San Jose,US,2020-06-21 19:52:02,37.34,-121.89,84.0,47,75,10.29
921,Bandipur,NP,2020-06-21 19:53:20,27.93,84.42,68.22,100,95,0.49
922,Kapuskasing,CA,2020-06-21 19:53:21,49.42,-82.43,71.6,68,75,16.11
923,Buchanan,LR,2020-06-21 19:53:21,5.88,-10.05,77.58,89,100,8.32
924,Mayor Pablo Lagerenza,PY,2020-06-21 19:53:21,-19.93,-60.77,93.09,32,15,13.18
925,Huzhou,CN,2020-06-21 19:53:21,30.87,120.09,72.0,86,100,5.17
926,Seymchan,RU,2020-06-21 19:53:22,62.88,152.43,73.74,33,0,1.39
927,Westport,US,2020-06-21 19:53:22,41.14,-73.36,84.99,54,1,10.29
928,Casper,US,2020-06-21 19:52:12,42.87,-106.31,77.0,23,40,14.99
929,Bad Wurzach,DE,2020-06-21 19:53:22,47.9,9.9,68.0,77,29,5.82
930,Saint-Leu,RE,2020-06-21 19:53:22,-21.15,55.28,66.2,82,40,3.36
931,Rognan,NO,2020-06-21 19:53:23,67.1,15.39,75.0,67,0,1.25
932,Bahnea,RO,2020-06-21 19:53:23,46.37,24.48,64.4,82,100,3.36
933,Ayagoz,KZ,2020-06-21 19:53:23,47.97,80.44,47.52,52,0,11.03
934,Birao,CF,2020-06-21 19:53:23,10.28,22.79,79.97,67,15,7.49
935,Caarapo,BR,2020-06-21 19:53:23,-22.63,-54.82,79.52,53,0,4.52
936,Joshimath,IN,2020-06-21 19:53:24,30.57,79.57,62.33,48,8,3.15
937,Santa Maria,BR,2020-06-21 19:53:24,-29.68,-53.81,75.52,74,53,6.13
938,Creston,US,2020-06-21 19:53:24,41.06,-94.36,84.99,62,40,18.34
939,Takefu,JP,2020-06-21 19:53:24,35.9,136.17,68.0,88,75,3.36
940,Rudnichnyy,RU,2020-06-21 19:53:24,59.62,52.47,40.53,91,36,5.19
941,Kungurtug,RU,2020-06-21 19:53:25,50.6,97.52,50.13,83,100,3.85
942,High Rock,BS,2020-06-21 19:53:25,26.62,-78.28,82.4,88,90,6.93
943,Oistins,BB,2020-06-21 19:53:25,13.07,-59.53,86.0,74,40,21.92
944,Harindanga,IN,2020-06-21 19:53:25,22.04,88.32,82.4,88,40,7.4
945,Bijie,CN,2020-06-21 19:53:25,27.31,105.29,66.16,94,100,3.53
946,Yarmouth,US,2020-06-21 19:53:26,41.71,-70.23,82.4,65,1,9.17
947,Hay River,CA,2020-06-21 19:53:26,60.82,-115.8,80.6,39,40,12.75
948,Gotsu,JP,2020-06-21 19:53:26,35.0,132.22,65.84,80,16,4.16
949,Salym,RU,2020-06-21 19:53:26,60.06,71.48,41.49,96,10,5.46
950,Naco,MX,2020-06-21 19:53:27,31.33,-109.95,93.99,11,0,5.99
951,Salur,IN,2020-06-21 19:53:27,18.53,83.22,82.63,64,100,3.02
952,Chifeng,CN,2020-06-21 19:53:27,42.27,118.96,67.91,82,100,6.55
953,Odweyne,SO,2020-06-21 19:50:50,9.41,45.06,78.6,55,60,12.39
954,Gabu,GW,2020-06-21 19:53:28,12.28,-14.22,90.84,51,68,6.46
955,Kuala Selangor,MY,2020-06-21 19:53:28,3.35,101.25,75.2,94,20,4.7
956,Egvekinot,RU,2020-06-21 19:50:50,66.32,-179.17,59.79,41,26,3.29
957,Coos Bay,US,2020-06-21 19:53:29,43.37,-124.22,71.01,77,90,14.99
958,Tete,MZ,2020-06-21 19:53:29,-16.16,33.59,68.0,49,0,5.82
959,Camana,PE,2020-06-21 19:53:29,-16.62,-72.71,64.99,71,63,9.24
960,Katobu,ID,2020-06-21 19:52:18,-4.94,122.53,74.34,93,89,5.39
961,Jaguarao,BR,2020-06-21 19:53:29,-32.57,-53.38,67.64,91,77,8.99
962,Pachelma,RU,2020-06-21 19:53:30,53.24,43.35,56.21,79,99,13.09
963,Genhe,CN,2020-06-21 19:50:43,50.78,121.52,45.77,93,21,2.39
964,Shimanovsk,RU,2020-06-21 19:53:30,52.0,127.7,49.55,98,100,6.53
965,Sabya,SA,2020-06-21 19:53:30,17.15,42.63,91.4,55,100,9.17
966,Kanniyakumari,IN,2020-06-21 19:53:30,8.08,77.57,79.7,74,100,27.04
967,Xapuri,BR,2020-06-21 19:53:30,-10.65,-68.5,89.29,49,80,2.19
968,Dzaoudzi,YT,2020-06-21 19:53:31,-12.79,45.27,78.8,78,70,14.99
969,Boras,SE,2020-06-21 19:53:31,57.72,12.94,63.0,100,75,5.82
970,Sao Jose Da Coroa Grande,BR,2020-06-21 19:53:31,-8.9,-35.15,77.0,74,0,12.35
971,Kupang,ID,2020-06-21 19:51:00,-10.17,123.58,76.5,79,26,14.56
972,Madang,PG,2020-06-21 19:53:31,-5.22,145.8,76.87,90,39,2.91
973,Linxia,CN,2020-06-21 19:53:32,35.6,103.21,56.19,88,100,4.03
974,Mehriz,IR,2020-06-21 19:53:32,31.59,54.43,79.16,14,0,4.5
975,Mungwi,ZM,2020-06-21 19:53:32,-10.17,31.37,52.74,66,0,3.65
976,Srednekolymsk,RU,2020-06-21 19:53:32,67.45,153.68,80.85,30,0,5.68
977,Santiago,CL,2020-06-21 19:53:32,-33.46,-70.65,57.2,62,90,2.73
978,Khategaon,IN,2020-06-21 19:53:33,22.6,76.92,78.87,83,100,14.9
979,Eldorado,BR,2020-06-21 19:53:33,-23.79,-54.28,78.46,59,0,4.32
980,Bukama,CD,2020-06-21 19:53:33,-9.2,25.85,66.79,39,0,1.48
981,Pitiquito,MX,2020-06-21 19:53:33,30.7,-112.08,102.0,18,0,1.99
982,Licheng,CN,2020-06-21 19:53:33,23.3,113.83,86.0,70,75,6.71
983,Nizwa,OM,2020-06-21 19:49:14,22.93,57.53,89.83,40,0,4.54
984,Antofagasta,CL,2020-06-21 19:53:23,-23.65,-70.4,60.8,72,20,13.87
985,Leshukonskoye,RU,2020-06-21 19:53:34,64.9,45.76,41.88,78,97,4.21
986,Mandalgovi,MN,2020-06-21 19:52:52,45.76,106.27,57.13,77,100,8.9
987,Tooele,US,2020-06-21 19:52:43,40.53,-112.3,86.0,23,1,14.99
988,Mirabad,AF,2020-06-21 19:53:34,30.44,61.84,93.34,9,0,10.04
989,Nago,JP,2020-06-21 19:50:38,26.59,127.98,82.4,94,75,10.29
990,Nhlangano,SZ,2020-06-21 19:53:35,-27.12,31.2,49.89,66,0,3.02
991,Houston,US,2020-06-21 19:50:09,29.76,-95.36,91.99,68,25,4.0
992,Malakal,SS,2020-06-21 19:53:35,9.53,31.66,80.87,70,84,4.88
993,Enugu,NG,2020-06-21 19:53:35,6.44,7.49,80.6,83,40,4.7
994,Miracatu,BR,2020-06-21 19:53:36,-24.28,-47.46,80.62,60,1,3.4
995,Abu Kamal,SY,2020-06-21 19:53:36,34.45,40.92,83.48,29,0,9.35
996,Brandenburg,DE,2020-06-21 19:53:36,52.42,12.55,70.0,65,0,3.94
997,Nuuk,GL,2020-06-21 19:52:41,64.18,-51.72,46.4,75,20,8.05
998,Show Low,US,2020-06-21 19:50:07,34.25,-110.03,84.2,10,1,11.41
999,Lieksa,FI,2020-06-21 19:53:36,63.32,30.02,55.71,60,25,1.5
1000,Biloela,AU,2020-06-21 19:53:37,-24.42,150.5,57.76,78,78,5.64
1001,Bonnyville,CA,2020-06-21 19:53:37,54.27,-110.73,60.8,55,40,4.7
1002,Stavern,NO,2020-06-21 19:53:37,59.0,10.03,64.99,93,75,4.7
1003,Pendencias,BR,2020-06-21 19:53:37,-5.26,-36.72,82.9,57,47,11.39
1004,Raga,SS,2020-06-21 19:53:38,8.46,25.68,71.78,90,56,5.14
1005,Zhicheng,CN,2020-06-21 19:53:38,30.3,111.5,70.0,98,99,2.51
1006,Atar,MR,2020-06-21 19:53:12,20.52,-13.05,105.71,11,96,15.03
1007,Lake City,US,2020-06-21 19:53:38,30.19,-82.64,93.0,38,1,3.36
1008,Monte Patria,CL,2020-06-21 19:53:38,-30.69,-70.95,70.11,35,82,4.16
1009,Arauca,CO,2020-06-21 19:53:39,7.08,-70.76,77.0,100,75,3.36
1010,Salamiyah,SY,2020-06-21 19:53:39,35.01,37.05,73.56,40,0,5.93
1011,Sobolevo,RU,2020-06-21 19:53:39,54.43,31.9,63.5,82,93,9.71
1012,Verkhoyansk,RU,2020-06-21 19:53:39,67.54,133.38,76.42,39,0,8.1
1013,El Tigre,VE,2020-06-21 19:53:39,8.89,-64.25,88.59,50,62,13.87
1014,Melbu,NO,2020-06-21 19:53:40,68.5,14.83,59.0,72,6,5.82
1015,Korla,CN,2020-06-21 19:53:40,41.76,86.15,78.01,75,0,4.0
1016,Whitehorse,CA,2020-06-21 19:53:12,60.72,-135.05,57.2,35,75,14.99
1017,Colares,PT,2020-06-21 19:53:40,38.8,-9.45,71.01,72,20,23.04
1018,Uyo,NG,2020-06-21 19:53:40,5.03,7.93,74.17,95,98,3.42
1019,Kerchevskiy,RU,2020-06-21 19:53:41,59.95,56.29,46.15,87,70,7.52
1020,Uige,AO,2020-06-21 19:53:41,-7.61,15.06,65.39,42,0,2.8
1021,Zhezkazgan,KZ,2020-06-21 19:53:41,47.8,67.71,67.5,24,0,9.46
1022,Strezhevoy,RU,2020-06-21 19:53:41,60.73,77.59,51.8,93,75,6.71
1023,Ambilobe,MG,2020-06-21 19:53:41,-13.2,49.05,73.26,85,0,3.13
1024,Bayonet Point,US,2020-06-21 19:53:42,28.33,-82.68,91.0,55,0,4.0
1025,Tamandare,BR,2020-06-21 19:53:42,-8.76,-35.1,76.84,74,12,10.63
1026,Palana,RU,2020-06-21 19:53:42,59.12,159.97,52.65,66,0,6.06
1027,Kedrovyy,RU,2020-06-21 19:53:42,56.17,91.82,53.6,76,40,6.71
1028,Suluq,LY,2020-06-21 19:53:42,31.67,20.25,70.9,77,0,7.58
1029,Haverfordwest,GB,2020-06-21 19:53:43,51.8,-4.97,60.01,87,0,25.28
1030,Half Moon Bay,US,2020-06-21 19:52:44,37.46,-122.43,79.0,93,90,11.41
1031,Katangli,RU,2020-06-21 19:53:43,51.71,143.23,41.47,91,100,8.01
1032,Burnie,AU,2020-06-21 19:53:08,-41.07,145.92,48.0,73,100,14.0
1033,Flin Flon,CA,2020-06-21 19:53:16,54.77,-101.86,66.2,52,75,8.05
1034,Comodoro Rivadavia,AR,2020-06-21 19:52:17,-45.87,-67.5,55.4,43,100,18.34
1035,Tankhoy,RU,2020-06-21 19:53:44,51.55,105.13,54.7,75,100,0.94
1036,Manta,EC,2020-06-21 19:53:44,-0.95,-80.73,80.6,78,40,12.75
1037,De-Kastri,RU,2020-06-21 19:53:45,51.47,140.78,44.64,88,100,7.18
1038,Alliance,US,2020-06-21 19:50:52,40.92,-81.11,86.0,61,34,1.99
1039,Kuliyapitiya,LK,2020-06-21 19:53:45,7.47,80.04,82.4,83,40,8.05
1040,Ngunguru,NZ,2020-06-21 19:53:45,-35.62,174.5,57.99,96,100,13.0
1041,Neryungri,RU,2020-06-21 19:53:45,56.67,124.65,45.1,87,8,4.5
1042,Antsohihy,MG,2020-06-21 19:53:46,-14.88,47.99,74.91,63,4,9.95
1043,Sun City West,US,2020-06-21 19:50:58,33.66,-112.34,106.0,9,20,3.36
1044,Ingham,US,2020-06-21 19:53:46,42.6,-84.38,84.2,78,1,3.36
1045,Erdenet,MN,2020-06-21 19:53:47,49.03,104.08,49.57,90,100,3.96
1046,Ustka,PL,2020-06-21 19:53:47,54.58,16.86,61.11,94,52,4.5
1047,Mastic Beach,US,2020-06-21 19:50:45,40.77,-72.85,84.0,58,1,11.41
1048,Payakumbuh,ID,2020-06-21 19:53:47,-0.22,100.63,69.85,91,43,3.4
1049,Suntar,RU,2020-06-21 19:53:48,62.14,117.63,59.09,87,3,1.63
1050,Bhuj,IN,2020-06-21 19:53:48,23.27,69.67,86.29,66,91,11.54
1051,Sassandra,CI,2020-06-21 19:53:48,4.95,-6.08,76.37,90,99,9.17
1052,Praya,CV,2020-06-21 19:52:21,14.92,-23.51,82.4,65,20,12.75
1053,Tigil,RU,2020-06-21 19:53:49,57.8,158.67,56.34,67,0,2.82
1054,Mecca,SA,2020-06-21 19:51:11,21.43,39.83,84.25,41,92,2.44
1055,Ocampo,MX,2020-06-21 19:53:49,21.65,-101.5,79.84,26,27,7.78
1056,Stornoway,GB,2020-06-21 19:53:49,58.21,-6.39,55.99,87,59,11.41
1057,Khorixas,NA,2020-06-21 19:53:50,-20.37,14.97,52.68,50,0,1.9
1058,Mizdah,LY,2020-06-21 19:53:50,31.45,12.98,71.98,36,0,3.67
1059,Miranda,CO,2020-06-21 19:53:50,3.25,-76.23,87.8,55,40,2.24
1060,Svetlogorsk,BY,2020-06-21 19:53:50,52.63,29.73,66.25,93,100,8.79
1061,Turangi,NZ,2020-06-21 19:53:51,-39.0,175.93,39.0,96,94,3.98
1062,Batsfjord,NO,2020-06-21 19:53:51,70.63,29.72,46.4,81,20,19.46
1063,Keta,GH,2020-06-21 19:53:51,5.92,0.99,78.8,88,40,10.29
1064,Alekseyevka,RU,2020-06-21 19:53:51,50.63,38.69,64.54,88,99,7.65
1065,Van,TR,2020-06-21 19:48:59,38.49,43.38,60.8,51,75,4.7
1066,Soria,ES,2020-06-21 19:53:52,41.67,-2.67,66.0,63,0,13.0
1067,Plastun,RU,2020-06-21 19:53:52,44.76,136.29,52.52,94,100,3.06
1068,Corozal,CO,2020-06-21 19:50:01,9.32,-75.29,86.86,69,85,1.95
1069,Cruzeiro Do Sul,BR,2020-06-21 19:53:52,-29.51,-51.99,75.04,75,45,1.41
1070,Kopayhorod,UA,2020-06-21 19:53:52,48.86,27.8,69.01,78,39,7.36
1071,Bastia,FR,2020-06-21 19:53:53,42.67,9.33,72.0,94,0,4.7
1072,Ulaanbaatar,MN,2020-06-21 19:53:53,47.91,106.88,55.4,87,40,1.54
1073,Eufaula,US,2020-06-21 19:53:53,31.89,-85.15,93.0,58,97,6.49
1074,Toda Raisingh,IN,2020-06-21 19:53:53,26.03,75.48,92.91,41,63,14.52
1075,Tacuarembo,UY,2020-06-21 19:53:54,-31.73,-55.98,67.3,87,94,9.46
1076,Jinxiang,CN,2020-06-21 19:53:54,22.86,115.7,82.31,87,100,10.04
1077,Blagoyevo,RU,2020-06-21 19:53:54,63.37,47.92,42.24,81,5,5.86
1078,Amazar,RU,2020-06-21 19:53:54,53.86,120.88,49.33,92,89,2.89
1079,Boshkengash,TJ,2020-06-21 19:53:54,38.47,68.81,71.6,33,0,2.24
1080,Rocha,UY,2020-06-21 19:53:55,-34.48,-54.33,60.84,90,95,3.4
1081,Tchibanga,GA,2020-06-21 19:53:55,-2.85,11.03,69.67,93,11,1.7
1082,Dandeli,IN,2020-06-21 19:53:55,15.27,74.62,73.36,90,99,5.28
1083,Mareeba,AU,2020-06-21 19:53:55,-17.0,145.43,64.99,86,7,1.01
1084,Araouane,ML,2020-06-21 19:51:20,18.9,-3.53,104.14,7,0,10.07
1085,Mataram,ID,2020-06-21 19:53:56,-8.58,116.12,75.2,94,20,2.24
1086,Vestmanna,FO,2020-06-21 19:53:56,62.16,-7.17,51.8,100,100,10.29
1087,Linden,GY,2020-06-21 19:53:56,6.0,-58.3,78.8,94,75,4.7
1088,Santo Antonio Da Platina,BR,2020-06-21 19:53:57,-23.3,-50.08,74.41,67,0,4.54
1089,Lazaro Cardenas,MX,2020-06-21 19:53:41,17.96,-102.2,90.79,50,77,9.93
1090,Jan Kempdorp,ZA,2020-06-21 19:53:57,-27.92,24.83,47.89,50,48,5.84
1091,San Lazaro,BZ,2020-06-21 19:53:57,18.04,-88.66,89.6,74,40,11.41
1092,Agbor,NG,2020-06-21 19:53:58,6.25,6.19,73.13,97,100,2.95
1093,Forio,IT,2020-06-21 19:53:58,40.73,13.86,71.01,67,99,3.0
1094,Truth Or Consequences,US,2020-06-21 19:53:00,33.13,-107.25,93.99,9,1,3.62
1095,Synya,RU,2020-06-21 19:53:58,65.37,58.04,42.17,71,49,7.74
1096,Ust-Ilimsk,RU,2020-06-21 19:53:59,58.0,102.66,58.39,77,4,2.33
1097,Kilindoni,TZ,2020-06-21 19:53:59,-7.91,39.67,79.5,75,51,23.15
1098,Mnogovershinnyy,RU,2020-06-21 19:53:59,53.94,139.92,38.93,99,100,3.22
1099,Kavaratti,IN,2020-06-21 19:53:13,10.57,72.64,83.84,76,100,13.13
1100,Elat,IL,2020-06-21 19:49:38,29.56,34.95,95.0,21,0,1.79
1101,Barabai,ID,2020-06-21 19:52:48,-2.58,115.38,73.15,94,100,0.16
1102,Tezu,IN,2020-06-21 19:54:00,27.92,96.17,76.48,84,96,2.84
1103,Kollam,IN,2020-06-21 19:54:00,8.88,76.6,78.8,88,75,4.7
1104,Kamaishi,JP,2020-06-21 19:54:00,39.27,141.88,63.07,86,100,2.33
1105,Shitanjing,CN,2020-06-21 19:54:00,39.23,106.34,60.51,69,100,10.18
1106,Muravlenko,RU,2020-06-21 19:54:01,63.79,74.52,45.05,72,12,5.5
1107,Cserszegtomaj,HU,2020-06-21 19:54:01,46.8,17.22,64.4,77,75,24.16
1108,Inirida,CO,2020-06-21 19:54:01,3.87,-67.92,82.81,84,71,1.88
1109,Kachiry,KZ,2020-06-21 19:54:01,53.07,76.1,61.05,48,0,16.42
1110,Baghdad,IQ,2020-06-21 19:50:21,33.34,44.4,82.4,32,0,1.12
1111,Toppenish,US,2020-06-21 19:52:30,46.38,-120.31,77.0,33,59,4.7
1112,Zyryanka,RU,2020-06-21 19:54:02,65.75,150.85,76.98,34,0,14.88
1113,Estacion Coahuila,MX,2020-06-21 19:54:02,32.19,-115.0,100.4,16,5,3.36
1114,Gravdal,NO,2020-06-21 19:54:03,68.12,13.5,69.8,52,56,4.7
1115,Paciran,ID,2020-06-21 19:54:03,-6.88,112.38,78.21,85,100,3.4
1116,Nebbi,UG,2020-06-21 19:54:03,2.48,31.09,66.43,84,1,4.07
1117,Gibsons,CA,2020-06-21 19:54:03,49.4,-123.5,64.0,85,88,3.0
1118,Junction City,US,2020-06-21 19:54:03,39.03,-96.83,77.0,88,1,4.7
1119,Mayskiy,RU,2020-06-21 19:54:04,47.69,40.1,73.4,78,40,4.47
1120,Mangrol,IN,2020-06-21 19:54:04,21.12,70.12,84.45,80,95,17.87
1121,Manjacaze,MZ,2020-06-21 19:54:04,-24.71,33.88,60.01,87,0,4.65
1122,Samur,RU,2020-06-21 19:54:04,41.83,48.49,72.46,55,4,7.49
1123,Koulikoro,ML,2020-06-21 19:52:55,14.0,-7.75,96.15,26,90,5.37
1124,Denpasar,ID,2020-06-21 19:54:05,-8.65,115.22,80.6,100,40,9.17
1125,Yamada,JP,2020-06-21 19:54:05,39.47,141.95,62.58,87,100,4.07
1126,Muroto,JP,2020-06-21 19:52:51,33.28,134.15,73.83,77,94,9.8
1127,Sao Miguel Do Araguaia,BR,2020-06-21 19:54:05,-13.28,-50.16,85.5,47,0,3.69
1128,Olavarria,AR,2020-06-21 19:54:06,-36.89,-60.32,55.0,64,13,3.0
1129,Kuching,MY,2020-06-21 19:54:06,1.55,110.33,78.8,94,40,4.7
1130,Alpena,US,2020-06-21 19:54:06,45.06,-83.43,75.2,83,75,11.41
1131,Salinas,US,2020-06-21 19:53:17,36.68,-121.66,75.99,60,1,12.75
1132,Bambari,CF,2020-06-21 19:54:07,5.77,20.68,68.68,96,98,1.12
1133,Maceio,BR,2020-06-21 19:53:00,-9.67,-35.74,80.6,61,20,12.75
1134,Susaki,JP,2020-06-21 19:54:07,33.37,133.28,68.05,76,0,3.44
1135,Pitea,SE,2020-06-21 19:54:08,65.32,21.48,62.6,72,0,8.05
1136,Goderich,CA,2020-06-21 19:54:08,43.75,-81.72,84.0,78,80,1.99
1137,Salacgriva,LV,2020-06-21 19:54:08,57.75,24.36,64.99,66,0,1.99
1138,Thai Binh,VN,2020-06-21 19:54:08,20.45,106.33,86.0,84,75,10.29
1139,Sundargarh,IN,2020-06-21 19:54:08,22.12,84.03,80.2,78,52,3.71
1140,Isla Mujeres,MX,2020-06-21 19:53:55,21.23,-86.73,87.8,70,75,6.93
1141,Niquelandia,BR,2020-06-21 19:54:09,-14.47,-48.46,81.21,35,64,6.67
1142,Ust-Uda,RU,2020-06-21 19:54:09,54.17,103.03,55.17,75,3,4.56
1143,Ko Samui,TH,2020-06-21 19:54:09,9.54,99.94,84.51,73,81,9.69
1144,Darnah,LY,2020-06-21 19:54:10,32.77,22.64,71.24,81,0,15.77
1145,Ilhabela,BR,2020-06-21 19:54:10,-23.78,-45.36,77.11,70,2,3.58
1146,Kawalu,ID,2020-06-21 19:54:10,-7.38,108.21,71.28,91,78,1.28
1147,Coahuayana,MX,2020-06-21 19:54:10,18.73,-103.68,82.4,69,20,11.41
1148,Katherine,AU,2020-06-21 19:54:11,-14.47,132.27,59.0,58,0,8.05
1149,Kaspiysk,RU,2020-06-21 19:54:11,42.88,47.64,78.8,57,20,7.7
1150,Tynda,RU,2020-06-21 19:54:11,55.17,124.72,47.07,91,98,3.18
1151,Jawhar,SO,2020-06-21 19:54:11,2.78,45.5,76.05,77,53,16.46
1152,Iringa,TZ,2020-06-21 19:54:11,-7.77,35.7,62.6,63,5,14.99
1153,Tikhvin,RU,2020-06-21 19:54:11,59.65,33.53,54.39,69,0,4.79
1154,Vadso,NO,2020-06-21 19:54:12,70.07,29.75,55.4,87,40,6.93
1155,Zapolyarnyy,RU,2020-06-21 19:54:12,69.42,30.81,55.4,47,95,3.36
1156,Riviere-Au-Renard,CA,2020-06-21 19:54:12,49.0,-64.4,66.2,68,40,12.75
1157,Santa Ana,US,2020-06-21 19:49:46,33.75,-117.87,75.99,56,40,3.36
1158,Kautokeino,NO,2020-06-21 19:53:55,69.01,23.04,62.31,42,26,7.0
1159,Farnham,GB,2020-06-21 19:54:13,51.21,-0.8,64.4,55,10,10.29
1160,Erzurum,TR,2020-06-21 19:54:13,40.0,41.5,51.8,87,75,2.24
1161,Tres Arroyos,AR,2020-06-21 19:54:13,-38.37,-60.28,51.4,51,0,7.7
1162,Kaffrine,SN,2020-06-21 19:54:13,14.11,-15.55,95.0,53,5,4.7
1163,Serebryansk,KZ,2020-06-21 19:54:14,49.69,83.29,41.0,86,0,2.24
1164,Islampur,IN,2020-06-21 19:54:14,26.27,88.2,80.73,84,47,9.48
1165,Palmerston,AU,2020-06-21 19:54:14,-12.49,130.98,73.4,49,0,8.05
1166,Amarante Do Maranhao,BR,2020-06-21 19:54:14,-5.57,-46.74,82.04,58,0,3.8
1167,Shenzhen,CN,2020-06-21 19:54:15,22.55,114.07,86.0,86,100,1.99
1168,Tera,NE,2020-06-21 19:54:15,14.01,0.75,102.06,16,55,8.66
1169,Almaznyy,RU,2020-06-21 19:54:15,48.04,40.05,73.4,78,40,4.47
1170,Suslovo,RU,2020-06-21 19:54:15,56.22,88.12,45.28,79,100,2.44
1171,Moissala,TD,2020-06-21 19:54:15,8.34,17.77,73.02,83,77,4.36
1172,Borogontsy,RU,2020-06-21 19:54:16,62.67,131.17,56.84,63,0,4.27
1173,Medea,DZ,2020-06-21 19:54:16,36.26,2.75,75.2,57,0,8.05
1174,Lakatoro,VU,2020-06-21 19:54:16,-16.1,167.42,78.8,94,75,6.93
1175,Flinders,AU,2020-06-21 19:54:17,-34.58,150.86,50.0,75,77,3.0
1176,Bongaree,AU,2020-06-21 19:54:17,-27.08,153.16,57.99,95,0,13.85
1177,Mandurah,AU,2020-06-21 19:54:17,-32.55,115.7,63.0,42,12,1.01
1178,Okha,RU,2020-06-21 19:54:17,53.57,142.95,40.15,95,100,9.28
1179,Wuan,CN,2020-06-21 19:54:17,31.68,112.0,68.34,85,100,5.12
1180,Techiman,GH,2020-06-21 19:54:18,7.59,-1.94,73.31,94,100,7.74
1181,Santarem,BR,2020-06-21 19:54:18,-2.44,-54.71,86.59,61,100,4.34
1182,Sprimont,BE,2020-06-21 19:54:18,50.51,5.66,69.01,60,99,4.7
1183,Astaneh-Ye Ashrafiyeh,IR,2020-06-21 19:54:18,37.26,49.94,73.83,61,0,5.17
1184,Nzega,RW,2020-06-21 19:54:18,-2.48,29.56,55.54,91,45,4.61
1185,Wairoa,NZ,2020-06-21 19:54:18,-39.03,177.37,55.99,85,85,1.99
1186,Chebsara,RU,2020-06-21 19:54:19,59.2,38.84,48.2,93,0,4.27
1187,Acari,PE,2020-06-21 19:54:19,-15.43,-74.62,72.88,49,32,8.5
1188,Sungaipenuh,ID,2020-06-21 19:54:19,-2.08,101.38,64.38,95,89,0.85
1189,Agde,FR,2020-06-21 19:51:23,43.31,3.48,78.01,44,0,10.29
1190,Presidente Medici,BR,2020-06-21 19:52:32,-11.18,-61.9,86.56,60,0,2.37
1191,Balabac,PH,2020-06-21 19:54:20,7.99,117.06,82.09,76,100,4.52
1192,Kloulklubed,PW,2020-06-21 19:53:18,7.04,134.26,78.8,88,75,8.32
1193,Palafrugell,ES,2020-06-21 19:54:20,41.92,3.16,78.01,51,39,9.86
1194,Vila Do Maio,CV,2020-06-21 19:54:20,15.13,-23.22,82.4,65,20,12.75
1195,Homer,US,2020-06-21 19:50:21,59.64,-151.55,57.2,58,75,3.36
1196,Rauma,FI,2020-06-21 19:54:21,61.13,21.51,62.6,55,0,4.7
1197,Leopoldina,BR,2020-06-21 19:54:09,-21.53,-42.64,74.32,69,0,3.98
1198,Paysandu,UY,2020-06-21 19:54:21,-32.32,-58.08,63.0,75,93,4.0
1199,Asfi,MA,2020-06-21 19:54:21,32.3,-9.24,72.01,67,0,23.91
1200,Newport,GB,2020-06-21 19:49:49,51.59,-3.0,61.0,75,0,1.99
1201,Lisakovsk,KZ,2020-06-21 19:54:22,52.54,62.49,55.0,83,87,11.36
1202,Catio,GW,2020-06-21 19:54:22,11.28,-15.25,82.31,81,87,10.67
1203,Koungou,YT,2020-06-21 19:54:22,-12.73,45.2,78.8,78,100,14.99
1204,Dudinka,RU,2020-06-21 19:53:09,69.41,86.18,46.4,70,97,6.71
1205,Araguaina,BR,2020-06-21 19:54:23,-7.19,-48.21,85.51,50,0,5.17
1206,Pangkalanbuun,ID,2020-06-21 19:54:23,-2.68,111.62,73.47,97,100,1.92
1207,Hambantota,LK,2020-06-21 19:53:06,6.12,81.12,82.2,76,100,18.37
1208,Mporokoso,ZM,2020-06-21 19:54:23,-9.37,30.12,55.96,52,0,4.81
1209,Fergus Falls,US,2020-06-21 19:54:23,46.28,-96.08,69.8,56,40,5.82
1210,Limbang,MY,2020-06-21 19:54:24,4.75,115.0,78.8,94,75,2.24
1211,Kinshasa,CD,2020-06-21 19:52:42,-4.32,15.32,75.09,67,0,3.15
1212,Santa Vitoria Do Palmar,BR,2020-06-21 19:54:24,-33.52,-53.37,61.16,93,68,3.58
1213,Salinopolis,BR,2020-06-21 19:54:24,-0.61,-47.36,80.62,84,92,13.09
1214,Saurimo,AO,2020-06-21 19:54:24,-9.66,20.39,60.8,35,0,5.14
1215,Enshi,CN,2020-06-21 19:54:25,30.3,109.48,71.56,87,100,0.87
1216,Ejea De Los Caballeros,ES,2020-06-21 19:54:25,42.13,-1.14,77.0,36,0,17.22
1217,Rahimatpur,IN,2020-06-21 19:54:25,17.6,74.2,73.65,82,80,8.41
1218,Pombas,CV,2020-06-21 19:54:25,17.15,-25.02,80.6,65,20,29.97
1219,Huntington,US,2020-06-21 19:54:25,38.42,-82.45,91.99,46,40,8.05
1220,Yatou,CN,2020-06-21 19:54:26,37.15,122.38,65.08,83,22,3.24
1221,Bissau,GW,2020-06-21 19:54:26,11.86,-15.6,82.47,76,10,14.03
1222,Punta Gorda,US,2020-06-21 19:54:26,26.93,-82.05,93.0,55,40,5.82
1223,Ojinaga,MX,2020-06-21 19:54:26,29.57,-104.42,100.99,15,1,9.17
1224,Jebel,RO,2020-06-21 19:54:27,45.56,21.21,66.0,100,75,3.36
1225,Kuala Terengganu,MY,2020-06-21 19:54:27,5.33,103.14,78.8,94,20,4.7
1226,Santa Cruz Cabralia,BR,2020-06-21 19:50:52,-16.28,-39.02,77.0,57,0,5.82
1227,Vega De Alatorre,MX,2020-06-21 19:54:27,20.03,-96.63,87.3,63,6,11.34
1228,San Diego,US,2020-06-21 19:51:11,32.72,-117.16,75.0,72,90,9.17
1229,Jutai,BR,2020-06-21 19:54:28,-5.18,-68.9,89.64,53,48,1.88
1230,Santo Antonio Do Ica,BR,2020-06-21 19:54:28,-3.1,-67.94,83.95,77,43,2.46
1231,Knysna,ZA,2020-06-21 19:54:28,-34.04,23.05,53.6,93,9,2.24
1232,Palau,PW,2020-06-21 19:54:28,7.5,134.62,78.8,88,75,9.4
1233,Kokopo,PG,2020-06-21 19:52:16,-4.35,152.26,76.84,85,2,5.86
1234,Saint-Augustin,CA,2020-06-21 19:52:50,51.23,-58.65,61.39,60,100,19.82
1235,Maragogi,BR,2020-06-21 19:54:29,-9.01,-35.22,76.3,75,0,11.81
1236,San Pedro,PH,2020-06-21 19:51:23,14.35,121.02,81.0,83,20,3.36
1237,Kunming,CN,2020-06-21 19:54:29,25.04,102.72,66.0,93,20,13.42
1238,Concepcion Del Oro,MX,2020-06-21 19:54:29,24.63,-101.42,77.94,28,33,2.44
1239,Kroya,ID,2020-06-21 19:54:29,-7.63,109.25,76.06,89,92,2.24
1240,Isla Vista,US,2020-06-21 19:54:30,34.41,-119.86,75.2,77,90,5.82
1241,Skerries,IE,2020-06-21 19:54:30,53.58,-6.11,61.0,48,75,9.17
1242,Yangliuqing,CN,2020-06-21 19:54:30,39.14,117.0,80.6,47,86,6.71
1243,Razdolnoye,RU,2020-06-21 19:54:30,43.55,131.92,62.6,100,75,2.24
1244,Lundazi,ZM,2020-06-21 19:54:30,-12.29,33.18,54.75,73,0,6.13
1245,Vuktyl,RU,2020-06-21 19:54:30,63.86,57.31,46.8,63,94,11.97
1246,Myre,NO,2020-06-21 19:54:31,69.1,15.95,63.0,71,1,4.7
1247,Tuchola,PL,2020-06-21 19:54:31,53.59,17.86,64.0,93,92,9.31
1248,San Juan,AR,2020-06-21 19:54:31,-31.54,-68.54,59.81,34,38,5.66
1249,Monrovia,LR,2020-06-21 19:54:31,6.3,-10.8,77.83,88,98,7.78
1250,Nigde,TR,2020-06-21 19:52:31,37.83,34.75,58.78,73,0,6.96
1251,Velventos,GR,2020-06-21 19:54:32,40.25,22.06,64.4,59,10,5.82
1252,Swansea,GB,2020-06-21 19:54:32,51.62,-3.94,60.01,87,0,25.28
1253,Cedar City,US,2020-06-21 19:53:29,37.68,-113.06,87.8,10,1,12.75
1254,Barguzin,RU,2020-06-21 19:54:32,53.62,109.62,55.74,67,30,4.03
1255,Uray,RU,2020-06-21 19:53:13,60.12,64.78,47.12,86,96,8.75
1256,Botwood,CA,2020-06-21 19:50:58,49.15,-55.35,64.99,48,100,10.33
1257,Xiaoshi,CN,2020-06-21 19:54:33,41.3,124.12,71.6,73,91,6.71
1258,Batagay,RU,2020-06-21 19:54:33,67.63,134.63,76.1,39,0,4.43
1259,Longkou,CN,2020-06-21 19:54:33,37.65,120.33,69.06,78,100,11.48
1260,Lagos,NG,2020-06-21 19:54:34,6.58,3.75,80.6,88,20,4.7
1261,Chengde,CN,2020-06-21 19:54:34,40.97,117.94,64.67,65,100,2.39
1262,Velingara,SN,2020-06-21 19:54:34,13.15,-14.12,96.39,34,44,1.59
1263,Pindi Bhattian,PK,2020-06-21 19:54:34,31.9,73.27,96.37,29,0,7.52
1264,Bridlington,GB,2020-06-21 19:54:34,54.08,-0.19,64.4,63,0,10.29
1265,Diffa,NE,2020-06-21 19:54:35,13.32,12.61,89.65,31,26,8.14
1266,Baruun-Urt,MN,2020-06-21 19:52:51,46.68,113.28,59.02,90,100,15.39
1267,San Miguel El Alto,MX,2020-06-21 19:54:35,21.02,-102.35,83.23,31,55,6.51
1268,That Phanom,TH,2020-06-21 19:54:35,16.94,104.71,82.27,70,86,5.55
1269,Guiuan,PH,2020-06-21 19:54:36,11.03,125.72,83.48,78,100,9.6
1270,Mozarlandia,BR,2020-06-21 19:54:36,-14.74,-50.57,86.07,43,0,4.14
1271,Takaka,NZ,2020-06-21 19:54:36,-40.85,172.8,41.0,97,0,1.01
1272,Jati,PK,2020-06-21 19:54:36,24.35,68.27,85.21,78,48,12.88
1273,Champerico,GT,2020-06-21 19:51:40,14.3,-91.92,86.61,70,1,9.1
1274,Agadez,NE,2020-06-21 19:54:37,19.75,10.25,87.01,11,0,2.89
1275,Uncia,BO,2020-06-21 19:54:37,-18.47,-66.57,58.68,25,0,8.68
1276,Mitsamiouli,KM,2020-06-21 19:54:37,-11.38,43.28,78.64,80,100,16.71
1277,Port-Cartier,CA,2020-06-21 19:54:37,50.03,-66.87,59.0,76,90,13.87
1278,Emilio Carranza,MX,2020-06-21 19:54:37,19.97,-96.61,87.22,62,7,10.78
1279,Tiznit,MA,2020-06-21 19:54:38,29.58,-9.5,74.39,53,0,4.0
1280,Liberal,US,2020-06-21 19:54:19,37.04,-100.92,91.4,43,20,21.92
1281,Moose Factory,CA,2020-06-21 19:54:38,51.26,-80.61,62.6,100,90,3.36
1282,Shaping,CN,2020-06-21 19:54:38,22.75,112.96,84.0,86,70,1.99
1283,Tiarei,PF,2020-06-21 19:54:38,-17.53,-149.33,82.4,69,20,2.24
1284,Mercedes,AR,2020-06-21 19:54:39,-34.65,-59.43,63.0,57,80,4.0
1285,Zaigrayevo,RU,2020-06-21 19:54:39,51.83,108.27,60.8,72,40,2.26
1286,Yaan,NG,2020-06-21 19:54:39,7.38,8.57,74.91,92,100,5.95
1287,Yellandu,IN,2020-06-21 19:54:39,17.6,80.33,79.43,74,99,4.34
1288,Le Port,RE,2020-06-21 19:54:39,-20.94,55.29,69.8,77,20,12.75
1289,Uvira,CD,2020-06-21 19:54:39,-3.41,29.15,73.78,61,22,2.04
1290,San Ignacio,BZ,2020-06-21 19:54:40,17.16,-89.07,91.4,63,75,6.93
1291,Amursk,RU,2020-06-21 19:54:40,50.23,136.9,47.61,95,100,11.32
1292,Boyolangu,ID,2020-06-21 19:54:40,-8.12,111.89,75.18,89,82,3.44
1293,Yinchuan,CN,2020-06-21 19:54:40,38.47,106.27,65.61,77,100,1.77
1294,Cozumel,MX,2020-06-21 19:53:55,20.51,-86.95,89.01,74,75,9.17
1295,Fort Saint James,CA,2020-06-21 19:52:16,54.43,-124.25,66.06,33,0,9.69
1296,Tamiahua,MX,2020-06-21 19:54:41,21.27,-97.45,87.22,60,0,9.51
1297,Healdsburg,US,2020-06-21 19:54:36,38.61,-122.87,93.0,34,42,5.32
1298,Pampa,US,2020-06-21 19:54:41,35.54,-100.96,89.6,48,1,25.28
1299,Gonen,TR,2020-06-21 19:54:42,40.1,27.65,69.8,88,0,6.93
1300,Donegal,IE,2020-06-21 19:54:42,54.65,-8.12,57.2,71,20,21.92
1301,Solano,US,2020-06-21 19:54:42,38.23,-121.95,97.0,28,1,4.7
1302,Fort Nelson,CA,2020-06-21 19:54:42,58.81,-122.7,68.0,56,75,5.82
1303,Kayan,MM,2020-06-21 19:54:42,16.91,96.56,78.8,94,20,2.24
1304,Zaysan,KZ,2020-06-21 19:54:43,47.47,84.87,46.69,51,0,9.04
1305,Zhigansk,RU,2020-06-21 19:54:43,66.77,123.37,61.79,84,81,11.25
1306,Terenos,BR,2020-06-21 19:51:34,-20.44,-54.86,84.2,37,0,10.29
1307,Tsagan Aman,RU,2020-06-21 19:54:43,47.56,46.72,77.0,51,100,19.15
1308,Faya,SA,2020-06-21 19:54:44,18.39,42.45,73.4,56,80,4.7
1309,Cabadiangan,PH,2020-06-21 19:54:44,9.75,122.47,78.4,83,3,3.36
